Country,Year,Inflation_Rate,Unemployment_Rate,Remittances_GDP,Agriculture_GDP,Trade_Openness_GDP,Digital_growth_3yr,Human_Capital_Index,Tax_Revenue_GDP,Governance_Index,GDP_per_Worker_resid,Shadow_Economy
Albania,2000,0.05001813634684105,19.023,16.67703441438117,22.17901394736872,61.60926104364073,0.065497,2.8011474609375,17.28319212,,,51.74998518720927
Albania,2001,3.107588270314343,18.57,17.22810959107013,20.45240541413187,64.24744625870092,0.260798,2.8150897026062,17.9727231,,,51.50503015898421
Albania,2002,7.770525834315523,17.891,16.24738634819269,19.76391646968093,65.99146503368017,0.308681,2.8291015625,15.8747643037774,-3.2630757189901614,-0.4002008933369474,51.260075130759155
Albania,2003,0.48400261181849036,16.985,15.3187296457995,19.80762033146923,64.8232150960777,0.857803,2.84318327903748,16.63234264213828,-3.1378537414075787,-0.37174835089922276,48.68998167281523
Albania,2004,2.280019169381009,16.306,15.67068464442403,18.5630799913995,65.03793831876975,2.094592,2.85733485221863,17.42670416659462,-2.9863764099751293,-0.3502475027062708,49.18503117776571
Albania,2005,2.366581956797953,15.966,15.6201731609198,17.12471789557287,69.11629266023219,5.653809,2.87155675888062,15.8747643037774,-3.3653464137450273,-0.1841949604762103,46.55973284841012
Albania,2006,2.370728319042814,15.626,14.85670886998628,16.04157503348679,72.20190894836738,8.63809,2.87803173065186,17.9727231,-3.0883501755728453,-0.1870724580038896,43.15340681434685
Albania,2007,2.932682481623239,15.966,13.20525505481578,15.5325494481234,79.91190089199543,12.61571,2.884521484375,17.58792659535507,-2.7710562100712397,-0.194501108322223,40.85748844699991
Albania,2008,3.3208709038926365,13.06,14.07082751913693,15.422100399492,75.24854727987281,17.81611,2.89102554321289,17.9727231,-2.413056956018271,-0.20840678427178538,37.498315320384926
Albania,2009,2.266922094508339,13.674,13.92478903075591,15.27922172715277,73.32135756461692,31.590010000000003,2.89754462242126,17.28319212,-2.2303601194875293,-0.26906506618788484,31.754189994014162
Albania,2010,3.6271009151747746,14.086,13.1267801276088,16.35860819142524,75.53253296873783,29.963900000000002,2.90407800674438,17.9727231,-2.0692111988428348,-0.29326488231584946,27.24714774049304
Albania,2011,3.4280713014150477,13.481,11.96321658392399,16.72022294917863,80.69899852989536,23.14,2.93933033943176,17.9067230671409,-2.101436755975821,-0.34954114086945864,29.786830280175586
Albania,2012,2.031592683952965,13.376,11.59329232555153,17.59136855163709,76.9683583166821,8.199999999999996,2.98676872253418,17.58792659535507,-2.2417683862948277,-0.2574584707896772,29.48562546089847
Albania,2013,1.9376208020522423,15.866,10.01679712048922,18.92481742061402,75.75061856197482,6.799999999999997,2.98455333709717,16.47649627446676,-2.367836713253971,-0.12682337697925483,26.259819009285568
Albania,2014,1.6258650440260425,18.055,10.6872215602712,19.23775891642821,75.02120230841288,7.299999999999997,2.98233938217163,18.20809546623807,-1.718000163032091,-0.30386534874600457,29.16304481573718
Albania,2015,1.8961740259236581,17.193,11.25409041441036,18.74716027734116,71.27944766060136,7.5,2.98012733459473,18.38129214929685,-1.5452881136860273,-0.36903865248962653,28.256700404861064
Albania,2016,1.275431683674233,15.418,10.89369629258446,19.16719075349696,74.01445045468154,7.800000000000004,2.9779167175293,17.40320252324458,-1.4248381142728654,-0.3989376448485782,26.444011583108786
Albania,2017,1.9866613317119253,13.616,9.894372244079245,18.07907821429599,76.78738178989887,8.100000000000001,2.97570776939392,18.54766318335559,-1.5618258872699293,-0.3451859621879674,31.034175517535022
Albania,2018,2.028059630711354,12.304,9.481512832446754,17.91555581795494,75.6940783717425,8.500000000000007,2.98273301124573,18.27695273271159,-1.6601089949551184,-0.3043663516759949,29.847231897356995
Albania,2019,1.4110907895425129,11.466,9.450123156537446,18.16039737067132,75.38212893268896,8.950399999999995,2.98979878425598,17.93099398928514,-1.8364117195486267,-0.2516662859146592,31.3904417739002
Albania,2020,1.6208866171700365,11.69,9.618420019457478,18.80614179879882,59.52071188977184,9.837700000000005,2.99690508842468,16.8955446005948,-1.7901393998453787,-0.2521551488486242,29.625735891547258
Albania,2021,2.041471631395453,11.474,9.529475597061685,17.79320559730562,75.5903217283122,13.923699999999997,3.00405287742615,18.09620819597446,-1.5735087069943599,-0.23662441111369326,29.321784523766112
Albania,2022,6.725202715300593,10.137,9.177171650397357,16.98447803513928,84.69805710244384,14.063299999999998,3.0112419128418,18.06077868022992,-1.2596509450996742,-0.2907175274496705,29.01690647498561
Belarus,2000,168.62023585093345,12.224,0.8966159101359785,12.0968271694147,141.6091659550242,1.8114000000000001,,16.62473450261665,-3.2411615430990874,-0.39762427254967214,52.33720892132092
Belarus,2001,61.13493316184764,11.609,0.5439172664384041,10.35042973936133,137.0449304730627,4.22672,,15.75466424428761,-3.206335457094916,-0.372358658385318,49.19980012555868
Belarus,2002,42.53754813487942,10.908,0.5522476672163071,10.12843222397784,131.0020582822907,8.255970000000001,,14.2010383230738,-3.709342111901166,-0.19326632261308951,46.06239132979644
Belarus,2003,28.39783991334737,10.215,0.9205941424539449,8.635627707521989,134.1418522732245,7.09057,,17.68812190959611,-3.79430412900415,-0.10695701910995936,49.702648289111224
Belarus,2004,18.108242493764614,9.452,1.034502146352002,8.850251441236363,142.1365103877036,12.899379999999999,,18.37134690089175,-4.4031333544932725,0.16418578436999098,50.10344989231763
Belarus,2005,10.338879445793259,8.728,0.657396214062099,8.518590808565312,118.8843516923299,9.449029999999999,,20.14965627790389,-4.495755371038219,0.27694354268230903,48.345637392317634
Belarus,2006,6.9971290353558535,8.024,0.7256121614290942,8.578727591557648,124.2951038893865,7.249029999999999,,22.22309662280647,-4.796243750324734,0.45157346657270203,45.0188272161924
Belarus,2007,8.426752735053089,7.38,0.636765248499207,8.303169958822748,128.1538779790728,2.5,,23.7266987288672,-4.57369135219713,0.46987845920458327,44.601290681745624
Belarus,2008,14.83787648282544,6.698,0.960131319014907,8.666253694406691,129.5994785454747,4.800000000000001,,25.35338920555232,-4.417510142363656,0.5189780885228448,40.36741971400369
Belarus,2009,12.945656341040145,6.1,0.9903059441359184,8.130898936106574,108.6356448283604,11.23,,18.62947062909552,-4.217087434050609,0.4601910581456661,34.55829108329831
Belarus,2010,7.735748043125001,6.045,1.005208553856551,8.891930228820092,115.9179729893034,12.100000000000001,,16.32143837362098,-4.277205775300659,0.5463685806525262,24.621716030444176
Belarus,2011,53.2286983118174,6.022,1.441978055948836,8.001887744308288,157.9742550733128,16.648899999999998,,14.50907256424026,-4.18111626753154,0.5708898891200356,32.59892400765216
Belarus,2012,59.21973602325183,5.946,1.60323623987362,8.13094268308472,153.0852693133719,19.479999999999997,,14.66297503344949,-3.5634202709934124,0.4182099600922271,28.363629890005086
Belarus,2013,18.312261037787316,5.937,1.606698292128164,6.80909244753712,119.8159652357242,22.37,,13.35496284787945,-3.5702528093184913,0.42970563792553307,18.61885030763851
Belarus,2014,18.119554352673404,5.902,1.562304340806264,7.303056977309424,110.6514243675824,19.367400000000004,,12.69772452641976,-2.9940253778306527,0.2888195272408183,15.817729859459238
Belarus,2015,13.53448976497349,5.881,1.64999344176125,6.283207583243697,115.9148262019462,15.320400000000006,,14.1730944654204,-3.0579390002004176,0.2673453215435071,15.227759357984311
Belarus,2016,11.836580765349636,5.844,2.046369341225289,6.895280624335169,125.2093228996619,16.942999999999998,,13.78823561238138,-2.56134486417061,0.10721803045873735,14.63428754789529
Belarus,2017,6.031837251777872,5.648,2.291074835883731,7.565802538482924,133.3677547230118,15.420100000000005,,13.01900561049739,-2.459001387403404,0.10687731142614076,31.067853981461738
Belarus,2018,4.872302205506895,4.763,2.408421248907576,6.590107725901878,139.3937362501707,16.899500000000003,,14.67256896983887,-2.42936602397597,0.13487697042635283,34.89299059348359
Belarus,2019,5.598155950398542,4.165,2.202757709855335,6.794668827992735,130.8504061021835,11.676199999999994,,13.30150613934615,-2.2321850500639258,0.1012426653859908,35.918631619124604
Belarus,2020,5.548143574565123,4.049,1.65173922227239,7.077239768956618,118.9341761465341,10.651499999999999,,12.02292325949367,-3.0549559667471122,0.32755590614479146,36.42368212417512
Belarus,2021,9.460283896231036,3.9,1.650493509274727,6.70661864890688,136.0141678774756,7.758499999999998,,12.82500496479514,-3.342677226609852,0.43884484112046707,33.74728309741112
Belarus,2022,15.209675274080947,3.574,2.015529331869672,8.04181871674039,120.0242075760939,6.718100000000007,,11.23354561982234,-3.629170267955896,0.4756247170570287,34.78624413637216
Bosnia and Herzegovina,2000,,25.187,28.3947024503881,9.001463763319073,85.35774313417878,1.02356,,,,,52.74207424405042
Bosnia and Herzegovina,2001,,26.289,25.8596155097613,9.120577403059931,86.03573265586874,1.0565300000000002,,,,,50.682996886253136
Bosnia and Herzegovina,2002,,27.312,22.230683920329,8.873503628150239,78.72747948869502,2.45427,,,,,48.62391952845585
Bosnia and Herzegovina,2003,,28.447,20.45085222355499,8.10501842544062,80.56945726393647,2.88208,,,-2.8981914654443592,-0.27634798255144055,47.208825188833224
Bosnia and Herzegovina,2004,,29.276,20.21555915167079,8.58349505778716,81.81268362477593,14.268469999999999,,,-2.6265604334907433,-0.28480993360022744,61.97205638660479
Bosnia and Herzegovina,2005,,30.227,18.15707856696005,8.29736825390212,84.35546282179843,18.67843,,19.88609273186355,-2.80887336509553,-0.189929979365683,56.48425150855601
Bosnia and Herzegovina,2006,6.125566156202833,31.11,16.70398167140144,8.05428927250657,79.82994777520157,21.157359999999997,,21.68995520664215,-2.6638162008637187,-0.17350850988393773,50.6777998956528
Bosnia and Herzegovina,2007,1.5007771061154251,28.984,17.02554524409823,7.704953409633321,83.55185888916297,12.451000000000002,,21.39427003688944,-2.636871868753233,-0.11584412230198105,48.30250298353878
Bosnia and Herzegovina,2008,7.427043103329489,23.405,14.21908016821999,7.207272012349415,86.16287984305042,13.333299999999998,,20.30211349803641,-2.4513200467082896,-0.10011524782413339,44.92900900763517
Bosnia and Herzegovina,2009,-0.38146428245304786,24.068,12.07584425549446,7.076601634668495,73.74749422550227,12.617600000000003,,18.94628598402185,-2.5094426089330772,-0.09645260964673064,44.15977823840439
Bosnia and Herzegovina,2010,1.9962123674588828,27.312,10.60940464676946,6.796762159137644,80.9682159626823,14.829999999999998,,19.68567640311695,-2.4756625328513198,-0.07873877967486997,40.15977823840439
Bosnia and Herzegovina,2011,3.6712499999999926,27.582,10.50314133714365,6.757745395551308,87.83634771365556,9.227700000000006,,20.30566528213549,-2.34991100053759,-0.08438114199353564,48.71435050979085
Bosnia and Herzegovina,2012,2.0526745200171836,28.01,10.71424892772388,6.137671553685119,88.14510886285292,7.3245000000000005,,20.47753994135267,-1.4846118063282043,-0.3077858395242128,47.225516762892575
Bosnia and Herzegovina,2013,-0.0930456838317606,27.49,10.77053622786219,6.841391126711869,87.93124131167566,5.7712999999999965,,19.75154464244304,-1.3714367789492994,-0.2990932902668497,43.058850096225896
Bosnia and Herzegovina,2014,-0.8971940541943391,27.517,11.3538982455304,5.951057699186742,90.55228068741853,6.030000000000001,,19.77790177283105,-1.5312816639795144,-0.2294974246335233,44.41386364636139
Bosnia and Herzegovina,2015,-1.0360230342547405,27.695,10.97947850309257,6.03756695112693,88.29198984076083,7.535499999999999,,19.70001003984315,-1.899764175234285,-0.07268651096508272,40.606757047376625
Bosnia and Herzegovina,2016,-1.5841000000000216,25.408,10.78461787935339,6.165589050492308,88.24403516855467,11.735200000000006,,19.7137455722415,-1.5997327213287895,-0.10735610128332418,39.25174349724113
Bosnia and Herzegovina,2017,0.8101333219530327,20.527,11.00530178365824,5.431049985116056,96.64587914111894,14.974299999999992,,19.98764986489995,-1.7099179642385884,-0.02988794560129371,42.117073010135115
Bosnia and Herzegovina,2018,1.4171081401803454,18.4,11.04701720166811,5.718782491307908,98.43209119618689,17.520099999999992,,20.14102253547768,-1.8724114018787397,0.06790952156328167,38.210823010135115
Bosnia and Herzegovina,2019,0.5627821540612254,15.692,11.38805402803499,5.450042181224086,94.51612788742419,9.689799999999991,,19.82659718991924,-1.9843442634186528,0.1444803750294188,39.64348776658211
Bosnia and Herzegovina,2020,-1.0512960076349054,15.868,9.547296836458148,5.914439905806057,82.11126525728977,8.3198,,18.75064472934388,-2.4748407583670486,0.27057369702193945,38.26986139295573
Bosnia and Herzegovina,2021,1.9816390058762234,14.897,10.4675310309183,5.019317880987058,96.48590857777474,5.556100000000001,,19.09814919778827,-2.4514156741762534,0.3499472354024764,35.79052254998053
Bosnia and Herzegovina,2022,14.020844082677097,12.657,10.52087844898568,4.826248393778781,110.2059676612301,8.899200000000008,,19.09105987274129,-2.4923185077410444,0.4131893772025794,34.08112084057881
Bulgaria,2000,10.316262128998964,16.218,0.4396458863924818,10.97048236294697,77.74570415944886,4.15092,2.90184617042542,20.45799306521485,-1.335927116436026,-0.42958799917653856,70.75887515000565
Bulgaria,2001,7.360939272318445,19.921,5.825102785741435,10.60325324216644,79.08136874776677,5.7723,2.91945862770081,19.78049412702642,-1.1420461910601931,-0.4603561967737573,69.6925745337326
Bulgaria,2002,5.810143657218236,18.11,7.175201795694651,9.710569627639577,75.2696110143524,6.17,2.93717789649963,18.14766581137555,-0.49307602346015755,-0.5539750973242583,68.62627391745954
Bulgaria,2003,2.348641695827558,13.733,8.127164074074235,9.095627750173858,79.01388537135755,6.669079999999999,2.95500469207764,20.11518615239826,-1.047044952961188,-0.332834276828633,67.00964574193989
Bulgaria,2004,6.147130742462714,12.037,6.586078777286539,8.452185376591421,93.06389796418301,10.517699999999998,2.97293972969055,21.02957098656384,-1.2935816339845458,-0.21419962911098978,65.13610944217409
Bulgaria,2005,5.038838071119023,10.083,5.400016414106758,7.283685728894337,99.71421121273814,10.889999999999999,2.99098372459412,20.8855219915078,0.46369108935601944,-0.6060163036070936,65.38001188119847
Bulgaria,2006,7.261594627699441,8.951,4.992464212366662,6.096284920530045,111.0474627538099,15.05,3.00913739204407,21.81202040663899,-1.1579119293973656,-0.12961431071713037,59.875424725235156
Bulgaria,2007,8.40253419005903,6.878,3.811625600029996,4.651784891942117,123.5325576607532,15.510000000000002,3.02740073204041,21.76061329922056,-1.1896791293500681,-0.07943252550104773,55.91502868563121
Bulgaria,2008,12.34871959940207,5.609,3.521707487799686,5.869626922018489,124.6887475153592,19.700000000000003,3.04577541351318,21.97387982044406,-1.4193488368287288,0.02511482313803448,52.039059693383145
Bulgaria,2009,2.753202239148167,6.817,3.059743021459925,4.235785659661227,92.69264560363749,17.91,3.06426119804382,18.58649864415805,-0.9634335407079174,-0.1123646123760711,42.87875434987169
Bulgaria,2010,2.438990605041136,10.279,2.629581662405815,4.03250076157469,103.3805223211923,12.589999999999996,3.0828595161438,17.87143155704591,-1.1684549349937046,-0.02229518549528109,38.98653878100941
Bulgaria,2011,4.219903466018748,11.26,2.571353592612291,4.661369067960636,117.4181038862901,8.309999999999995,3.09415435791016,17.88271514757308,-1.2469815647484908,0.04485363588371705,42.69024248471311
Bulgaria,2012,2.954568298310223,12.27,2.668432164494661,4.430140023765886,123.9713227141743,6.899999999999999,3.10549068450928,18.38533526466447,-1.0856258742991869,0.0028109108288294493,41.75856546607958
Bulgaria,2013,0.8900935409130062,12.941,2.986352612121687,4.515416945018811,129.6886829864819,6.8315000000000055,3.11686825752258,19.68628223533019,-1.085406200682513,0.004515470456860626,35.52711146014485
Bulgaria,2014,-1.4181838026484095,11.424,3.009588303483751,4.558717049956263,130.2483771152453,7.510400000000004,3.12828779220581,19.56662077275373,-1.0575296062284878,0.01952991659097414,35.86724751456663
Bulgaria,2015,-0.10463326100838,9.143,3.001757981058817,4.061975774272378,126.7366422129496,4.756300000000003,3.1397488117218,20.07780364144416,-1.0224210241373772,0.05277502567915704,36.89113829954955
Bulgaria,2016,-0.7986498864537173,7.575,3.020875606703884,4.0548985296075,122.8055143565134,6.763999999999996,3.15125203132629,20.33302996150822,-0.9913927005629042,0.1052004301625562,34.603556600203156
Bulgaria,2017,2.0615961944314254,6.164,3.51479244455412,4.043176898073076,129.6344290480037,7.919699999999999,3.16279745101929,20.52322465516603,-0.9582665049437732,0.09964942590704062,37.78376861433743
Bulgaria,2018,2.8145447382482924,5.211,3.2032140739654,3.396683201730592,128.8655652792406,8.125699999999995,3.17438507080078,19.93698054503715,-0.8326000420464661,0.10738238476877271,34.258127588696404
Bulgaria,2019,3.1037294479677957,4.23,3.111649985264767,3.196164804725456,125.0299631406938,8.121500000000005,3.18601512908936,20.55721271264977,-0.7102983991378309,0.10430171678945399,35.6567289872978
Bulgaria,2020,1.6724409685575647,5.125,2.814219189452916,3.432892460156365,110.3240811323541,6.752399999999994,3.19768786430359,20.17840550936942,-1.1328909642494662,0.21208589470404782,34.98105331162213
Bulgaria,2021,3.2977443529951467,5.267,2.381497233355582,4.326921155250779,121.1573546177709,10.489400000000003,3.21906208992004,20.5821478187492,-0.9610611392581974,0.25519100197109346,34.300781202778595
Bulgaria,2022,15.325258926436636,4.268,2.311421542130489,3.711237690242078,138.8401468179802,11.179900000000004,3.24076652526855,21.72561584137965,-1.1878512292848245,0.3392462544800079,31.94387884587624
Croatia,2000,4.611315547377992,16.064,3.691549450920546,4.967472690531985,74.60168547034063,4.91488,2.91005373001099,22.78519816539614,-0.7509180312850441,0.24404051925971437,62.08606790517688
Croatia,2001,3.7767024666588878,15.822,4.022524846813386,4.962746920930265,79.44058560345877,8.2886,2.9377019405365,21.8785131056257,-0.7776223727105386,0.32589427101374113,59.33629887039713
Croatia,2002,1.6717843739338267,15.053,4.084966664864,4.84218764766313,81.16099779602105,13.350000000000001,2.96561288833618,22.22209445095603,-0.9284419620153613,0.4291985936297973,56.58652983561738
Croatia,2003,1.767337807606273,13.924,3.749410911402108,3.936095315910129,81.44325143532082,16.10512,2.99378895759583,21.67049602253514,-0.8138101604026806,0.4486215551895185,51.988828686192086
Croatia,2004,2.0553967905032833,13.664,3.718193742108088,4.417659269725122,81.64441266033377,19.351399999999998,3.0222327709198,20.88295456648695,-0.6501545218492848,0.4199036882614475,50.003717023661075
Croatia,2005,3.3171782444804565,12.598,4.164272242682182,3.866502471974786,81.49233557141181,15.379999999999999,3.05094695091248,20.88501291961097,-0.6124502386019863,0.45344642326773155,43.93575585861253
Croatia,2006,3.189825914729494,11.13,3.884132963403987,3.9776481510093,83.50587931775632,15.229999999999997,3.0858302116394,21.45318581752537,-0.7498142499425025,0.5487471010215152,39.45026773196345
Croatia,2007,2.899282755833865,9.909,3.758648059927663,3.689972457216915,83.2514767234118,10.529999999999998,3.12111258506775,21.48582344761974,-0.39662514191175574,0.48565037568489267,36.63336632351274
Croatia,2008,6.07696838798355,8.53,3.658516965743445,3.880308324322284,82.0719814536512,11.100000000000001,3.15679836273193,21.26805007534453,-0.32473176691602024,0.480590043566,34.017087253745295
Croatia,2009,2.378528459046736,9.202,3.640512921605939,3.985463404614162,69.69524392444029,12.600000000000001,3.19289207458496,20.2751683982246,-0.2831468289153246,0.3994132830192463,28.236740432936042
Croatia,2010,1.0305550533357355,11.62,3.877557234144807,3.64408613607008,72.63865686343175,15.11,3.22939848899841,20.2786868701383,-0.22566750101178754,0.3814915742587459,20.405415131731218
Croatia,2011,2.272727272727293,13.678,4.012538318691996,3.623845292059443,77.76573869225507,13.549999999999997,3.25704503059387,19.64392207152431,-0.1591589780182976,0.3789539537505071,35.63175258029089
Croatia,2012,3.412073490813583,15.935,3.622292141012322,3.283690941589843,79.00226696471681,11.36,3.29645562171936,20.12800573463548,0.16423643922650352,0.2797798880620892,36.26667321521153
Croatia,2013,2.2165820642977785,17.251,4.626001201599474,3.437323781321636,80.91051737333548,10.197600000000008,3.33695793151855,20.59687138054401,0.30181161824897684,0.2560875822915438,32.9333398818782
Croatia,2014,-0.2151961595762697,17.29,4.652394242410912,2.938534013807196,85.20917694800387,10.777899999999995,3.37859010696411,20.38099902304766,0.3693993626074047,0.20929524448024495,36.6370435855819
Croatia,2015,-0.4644990046449138,16.175,5.24898927992459,2.963465867228368,90.6409410989512,7.905000000000001,3.42139172554016,21.4136482812976,0.1653849938428751,0.2911408682747503,34.489804321778216
Croatia,2016,-1.1250000000000204,13.103,6.121102123750276,3.059567150198884,92.13078908616886,5.949699999999993,3.46540403366089,21.90213454183527,0.4067239979886654,0.2976645567651115,33.53742336939725
Croatia,2017,1.1293721028234671,11.208,6.52647733313807,2.890034699774799,97.22133140442044,-1.4716999999999985,3.51066994667053,22.01662148027311,0.44711958661682016,0.3294925998343139,37.5778274098013
Croatia,2018,1.5001250104175634,8.432,6.505852652803414,2.950857886021419,99.06781797397001,5.449600000000004,3.55723476409912,21.78686400645692,0.3760108242456617,0.39889316043171696,33.113541695515586
Croatia,2019,0.7718203464980311,6.617,6.965996535294961,2.856814031929087,101.3820133303278,6.382500000000007,3.60514545440674,21.97301938827529,0.36587611865804176,0.44264522911301185,33.771436432357696
Croatia,2020,0.1548113745621027,7.507,7.237007384016477,3.128443478443857,89.53345380089475,11.224699999999999,3.65444993972778,20.87391385011241,0.1539713035735855,0.4214724071922067,32.806806207277305
Croatia,2021,2.5545069964203915,7.608,7.222240466027284,3.35951724273801,102.3084308158359,5.959400000000002,3.70520043373108,21.07085030836761,0.32246921667097717,0.48511770452085123,32.15534040923171
Croatia,2022,10.7805806758686,6.96,7.523453447675187,3.393120137394705,125.2138575909741,2.991799999999998,3.75744962692261,21.67521677794605,0.6233073124620381,0.4639221468217052,31.499602704313684
Cyprus,2000,4.1416576470206135,4.766,0.4505024578439142,3.647263648534061,137.4949032485561,10.875399999999999,2.55026268959045,20.79663357679445,,,31.75641321064886
Cyprus,2001,1.9730419172991454,4.043,0.7487121598665765,3.860796453115572,131.8490678681144,9.928799999999999,2.5698447227478,21.29563621205875,,,30.412936420618344
Cyprus,2002,2.801155051807469,3.336,0.1809140439535512,3.78826774823824,123.6413321233796,17.02,2.58636069297791,21.4312693114226,,,29.06945963058783
Cyprus,2003,4.13906538686859,4.153,0.2186916410389708,3.352901592272095,114.0046329814846,14.8346,2.60298323631287,22.01506980144943,,,31.38734042528983
Cyprus,2004,2.286217068016727,4.77,0.4468197527179506,3.083331426879384,113.9036134892069,15.011199999999999,2.61971235275269,21.82883757813424,2.526349135707582,-0.09847547844740312,33.32282429625758
Cyprus,2005,2.5601613233023457,5.481,0.5686260277026604,2.738527814867146,111.917065271958,4.490000000000002,2.63654899597168,23.16845818940331,2.551985597034122,-0.08317292426575484,33.63435077600835
Cyprus,2006,2.3046873297855264,4.593,0.5206614394155832,2.275975995739498,109.8064980403429,5.739999999999998,2.65349388122559,24.31188563644996,2.7519194176300807,-0.11690015890654415,26.717924263040047
Cyprus,2007,2.372651836697215,3.946,0.5931729614113035,2.02353280851406,111.2751228446228,6.940000000000005,2.67054772377014,28.4229518891301,3.0658614049494703,-0.18610794869857905,25.72454677959635
Cyprus,2008,4.669008419024845,3.756,3.406840100857715,2.093312094874468,112.9259308747082,9.5,2.68771100044251,26.94962634550863,3.3580430070431078,-0.25216296549455386,22.7737271074652
Cyprus,2009,0.32627665224980174,5.594,2.278136725023539,1.988819440023162,102.7910918991997,13.980000000000004,2.70498490333557,23.24923772925216,3.3512997435870955,-0.29457783555591277,15.955545289283393
Cyprus,2010,2.4300408410225405,6.359,3.340065678335132,2.057660894972835,108.9016992695233,12.219999999999999,2.72236943244934,23.05416330719182,3.3651857083289123,-0.3059509672272629,9.617517120269312
Cyprus,2011,3.2894493956420856,7.942,2.678976084323031,2.145318717952269,110.6171368574245,14.549900000000001,2.74201726913452,23.14977660221346,3.19257599748801,-0.2698612786648802,24.432331935084118
Cyprus,2012,2.3890541004231602,12.097,2.399913712530437,2.001280098681882,112.3442732972728,10.8799,2.76180696487427,23.33476888771345,3.1395748276754794,-0.31279189731167456,24.432331935084118
Cyprus,2013,-0.399357676464418,16.131,1.798847984258482,2.036335666732778,120.9262006393891,12.464800000000004,2.7817394733429,23.52116749867214,2.890730803319813,-0.33095144964704915,25.151756395515775
Cyprus,2014,-1.354988854463146,16.277,1.391067063108898,1.844876212327328,130.8443630793902,12.468799999999995,2.80181574821472,24.71572200767165,2.7828979319141434,-0.3454859816791114,28.448459692219085
Cyprus,2015,-2.0969976905310994,15.026,1.575560707920187,1.867984518411095,137.2764264771929,11.025799999999997,2.82203698158264,24.04738746933333,2.497881319488063,-0.24248001014315435,28.105993938794423
Cyprus,2016,-1.429166666666648,13.006,1.83839157126007,2.14376219902412,139.0220984572481,10.445399999999992,2.84240436553955,23.5160580075036,1.6495425326785922,0.044036024839927634,23.187961151909178
Cyprus,2017,0.5317664961744795,11.155,2.024083713074716,1.852632982287408,148.0133555581353,11.414500000000004,2.86291837692261,23.81988339954398,1.9667654376973318,-0.010083222630246524,27.354627818575853
Cyprus,2018,1.4354911953176064,8.504,2.023732309314803,1.718138098614564,147.6235674100538,12.7179,2.88358068466187,23.83344797889452,1.8267486997335438,0.06034965329033248,27.705505011558298
Cyprus,2019,0.2503709967584866,7.155,2.044003047716575,1.748205428742045,150.5061695611622,10.163399999999996,2.90439200401306,23.07479889409164,1.8532492615927567,0.08664720880528698,28.76184303972731
Cyprus,2020,-0.6384227979789436,7.755,2.221252231561922,1.825335691942455,160.6687164599695,10.058700000000002,2.92535352706909,21.94010647709595,1.4198210816687715,0.16610504254209424,27.73795225474437
Cyprus,2021,2.4460886717547314,7.513,2.064712936367382,1.502502717399029,176.82773681987,6.325900000000004,2.94772386550903,22.55227992241555,1.2366015034168936,0.3016903480578481,26.703469496123677
Cyprus,2022,8.395482979933355,6.806,1.689138339184134,1.175794552747039,207.6324270463758,3.537400000000005,2.97051954269409,23.16304205893859,1.1625125796587237,0.36425192576232845,25.6581733288763
Czech Republic,2000,3.7753882915173786,8.764,0.4727977739523505,3.230237112972455,97.49839563278742,6.860530000000001,3.57368922233582,14.39409092803267,0.48752671915075085,0.10828288946111364,43.17576793825993
Czech Republic,2001,4.662675569882557,8.128,0.3763990824416801,3.187715264931659,98.5368737300189,10.7972,3.58205246925354,14.6706596068644,0.8740931337077504,0.03730612896418073,41.022366213590566
Czech Republic,2002,1.9029809701902822,7.28,0.4027033010319093,2.646252531923123,90.87927154565818,17.1,3.59043526649475,14.49221398974881,1.1779160496785315,-0.029718587425801246,38.8689644889212
Czech Republic,2003,0.11873920552682993,7.777,0.4915726398884973,2.431034622724788,94.64686006656085,24.51947,3.59883761405945,14.93425977791166,1.2287361491153401,-0.009745858754126147,35.1652607852175
Czech Republic,2004,2.760107816711499,8.298,1.017002604161158,2.408043067876987,113.173975970415,20.802799999999998,3.60725975036621,15.36370664073215,1.1284180121262946,0.06421507835620233,40.42841867995434
Czech Republic,2005,1.857097891092252,7.927,0.976596887388978,2.281257706797612,121.191287316105,11.340000000000003,3.61570143699646,14.47194809294105,1.3740506663490022,0.05092265834995757,41.877694042273184
Czech Republic,2006,2.5339925834362953,7.141,1.026168496452597,2.162933410985958,127.0510150550159,13.630000000000003,3.61983227729797,14.22476355795564,1.8086914340654958,-0.0068233850672054785,34.890794478954405
Czech Republic,2007,2.853124372111804,5.316,0.9613973704935384,2.088715300330937,129.8767395048889,16.43,3.62396788597107,14.62269251203577,1.6021535920786913,0.10357484941965822,30.05987660455827
Czech Republic,2008,6.358663801523701,4.392,0.4796674767592284,1.920365844355656,123.9048099299479,27.699999999999996,3.62810850143433,13.69102756018233,1.8894257633341263,0.048159425477290796,24.983734472578575
Czech Republic,2009,1.0193773532922945,6.662,0.577892600593881,1.758862300263211,113.0492547848754,16.500000000000007,3.63225340843201,13.60054036175344,1.7950177726738106,0.01695018653475522,16.693579032164088
Czech Republic,2010,1.4727272727273144,7.281,0.5820294731324444,1.522581969733337,126.7564801167978,16.889999999999993,3.63640332221985,13.5150877074659,1.775909742178626,0.05151952105236646,10.29823019495478
Czech Republic,2011,1.9172191363550084,6.712,0.602478665562744,1.963932308676537,136.7508555424377,7.519999999999996,3.65747833251953,14.40314697993214,1.9364816192238172,0.026771134284402365,26.57729996239665
Czech Republic,2012,3.287623066104417,6.979,0.669855745815364,2.231626661512544,145.4801953969346,9.0,3.67071223258972,14.82192295719731,1.944225531644919,0.011054346205202847,24.29158567668236
Czech Republic,2013,1.4382978723402218,6.953,0.8158148355789892,2.347583155813213,145.5022306249612,5.290400000000005,3.69198608398438,14.98638406087199,1.9001704726102702,0.013862041752737753,16.556779046848114
Czech Republic,2014,0.3439885896470818,6.108,1.246145618647959,2.39269564510297,156.4151228268857,3.7417000000000087,3.70266890525818,14.32344196230645,2.308549097511584,-0.0746329604146645,17.214673783690213
Czech Republic,2015,0.3093645484948837,5.048,1.414446963108174,2.258925713479884,154.0184009976325,2.2387999999999977,3.71070146560669,14.6856290224908,2.458184131698201,-0.06864962128013552,19.20142875057762
Czech Republic,2016,0.6835042093853216,3.952,1.577703713248977,2.148097368795981,148.5470046644353,2.3708000000000027,3.72951197624207,14.77064977916717,2.2056026328831706,0.01829771115790102,14.933136067650802
Czech Republic,2017,2.4505339846015106,2.893,1.618143706924883,2.105459687558888,147.7508348547615,4.487499999999997,3.74300670623779,14.80677861906836,2.4729147198752788,-0.009034463544953297,15.604277007248113
Czech Republic,2018,2.1494949494949456,2.246,1.576679919176708,1.968562246827982,145.1417178907891,5.01939999999999,3.75383734703064,14.65729130846001,2.3771589472978336,0.03860246272898138,16.270943673914775
Czech Republic,2019,2.8478759591803238,2.015,1.503124663529222,1.891517709088112,138.1546099938715,4.3857,3.76469922065735,14.52457169619497,2.223006723585617,0.1175819874232058,16.93319532954392
Czech Republic,2020,3.161295284978305,2.55,1.666923796631616,1.943991388253009,128.7804303059648,2.6196999999999946,3.76918435096741,14.0731168065984,2.135482542798526,0.09661047670820899,16.283844680193262
Czech Republic,2021,3.8398449150016445,2.803,1.507655382942696,1.758866664922782,137.3781163028684,1.9823999999999984,3.77368021011353,12.93583850355634,2.3835386743130353,0.0875194664733403,14.34836080922553
Czech Republic,2022,15.100165146837274,2.224,1.375783244813758,2.076349755002644,144.0114941093966,3.6731999999999942,3.77818751335144,12.64198839354814,2.5020446978123196,0.05915829193026667,15.708905026912603
Estonia,2000,4.018489525087632,13.36,0.0712666387766335,3.885009588205414,126.4956263686586,22.867,3.30235552787781,19.68616146910589,1.3757247532508103,-0.32058110388256367,53.69420578327237
Estonia,2001,5.748279816513735,13.134,0.1763250071101569,3.496445706525483,126.5466400672919,20.7275,3.31723690032959,19.23470510886452,1.4898021651658229,-0.27831576005998926,49.32735090880006
Estonia,2002,3.5719127016402785,10.026,0.2598191263386964,3.552487100082097,123.2823453875701,27.020000000000003,3.33218550682068,19.62860402798467,1.6452513263739443,-0.2354820358555152,44.96049603432774
Estonia,2003,1.334991165499555,11.288,0.5184709138675663,3.459288077704162,122.7447728077965,16.743,3.34720134735107,19.82401846270708,1.8238582719076728,-0.2420485880525458,41.54434696600475
Estonia,2004,3.04811107523415,10.248,1.373642760491521,3.618699256075313,129.9495000776615,21.672500000000003,3.36228489875793,20.22819089373523,1.945971894194899,-0.21260037783304497,41.21212105238349
Estonia,2005,4.079714231998488,8.033,1.804528516038409,3.286685525341366,135.9127921151067,19.93,3.37743639945984,19.09665573187893,2.1323716820422316,-0.16609899686773844,38.60625786020108
Estonia,2006,4.43762042389213,5.915,2.303220720483453,3.143820466971033,136.6207376626454,18.189999999999998,3.39626121520996,19.95599050722477,2.7181847668653845,-0.2614909967424843,34.016093925774854
Estonia,2007,6.601326030556387,4.592,1.698344190615067,3.92534204177827,133.9808292357538,12.989999999999995,3.41519117355347,20.26080340745303,2.7170599071455612,-0.1851513254768804,30.196649481330425
Estonia,2008,10.362358031368268,5.455,1.710267194463702,3.401261525867923,136.681988157836,9.129999999999995,3.43422651290894,19.3870577164993,2.9763856667004145,-0.31599415061868896,24.522890616082194
Estonia,2009,-0.07840831128097525,13.548,1.731952699472087,2.471048732775746,116.7590798598016,8.990000000000002,3.4533679485321,21.71767824924914,2.8821344832384717,-0.4382565802303766,18.862513257591637
Estonia,2010,2.9720451201569187,16.707,1.828915918102303,3.170929453092662,143.6717622569779,7.909999999999997,3.47261595726013,20.18862597601942,2.9483086124037308,-0.42332422939973746,19.720882356304084
Estonia,2011,4.981901314536108,12.328,1.882304251067865,3.665668629232707,166.7460724339003,5.920000000000002,3.48813080787659,19.4461104284907,2.97833558688571,-0.3651094431724964,35.89735294453938
Estonia,2012,3.933399872969856,10.021,1.982474245755783,3.284322905202698,169.1560677738645,5.889899999999997,3.49925565719605,20.16209937998709,2.797353777609146,-0.27424002487452626,30.302947350133785
Estonia,2013,2.78056658954986,8.631,2.219149510493907,3.047429736666014,164.6016321569155,5.904300000000006,3.51936936378479,20.23959320847304,3.046828460984674,-0.3198336762522711,20.055597526812228
Estonia,2014,-0.10617514652171423,7.352,2.010385252398168,3.114961616609986,157.9539448422289,7.741500000000002,3.49702787399292,20.70468898995265,3.4203451838781787,-0.38152542813832113,19.61311965070602
Estonia,2015,-0.49232600654736114,6.412,1.961589048372482,2.806421528650507,148.5071571235576,10.019800000000004,3.50818061828613,21.56591690449974,3.366687777044851,-0.3597940509780475,17.85873368579375
Estonia,2016,0.14868490762736108,6.882,1.980709612916917,2.071597860900099,147.7462327097004,7.235900000000001,3.5126519203186,21.67740271186224,3.2027584187629503,-0.2964850237436565,16.073019400079474
Estonia,2017,3.417235494880533,5.807,1.83873745060341,2.338855966283107,144.635650944133,3.861000000000004,3.52385497093201,20.8680916555804,3.3511910145564165,-0.2914981043901044,25.717689450840886
Estonia,2018,3.436326884204477,5.412,1.82689423284705,2.049384699690663,143.485224864735,0.9472999999999985,3.54636764526367,20.83327659783061,3.422664498297741,-0.2810987722670042,25.293960637281565
Estonia,2019,2.277259312435209,4.514,1.700192994783037,2.265648962634004,140.3521479985486,2.9886999999999944,3.53396797180176,21.06264656691719,3.5204446680258417,-0.2687265812286075,25.293960637281565
Estonia,2020,-0.44453109767982335,6.956,1.592817913649114,1.93181527353408,137.3926412838461,0.9557999999999964,3.52161145210266,20.7215984585967,3.8441053734673276,-0.3862782074345237,25.293960637281565
Estonia,2021,4.653166738474734,6.178,1.585559088996505,1.92200021363011,160.3946816275563,1.6226999999999947,3.54196763038635,21.74039236730137,3.928665688728663,-0.34431180190011723,24.028137852471456
Estonia,2022,19.398263408061634,5.571,1.224891136250733,2.435155581465258,174.5639941821163,1.2913000000000068,3.56257843971252,21.01668628416501,3.9893963067833322,-0.40545349245133444,23.597103369712833
Greece,2000,3.151181624938282,11.345,1.744447365007109,5.502513635109675,59.11265774880859,7.28884,2.72921085357666,23.30987591168704,1.404957287967763,0.37248831479396216,26.21489601821324
Greece,2001,3.3739683221386763,10.764,1.525621935725095,5.362219493977715,56.85763395510667,7.715,2.74976444244385,21.61304651551379,1.07812000275825,0.515019742063874,22.267804624219334
Greece,2002,3.6293587187887555,10.346,1.105062087371989,5.221031534995557,50.05333719046333,7.79,2.77047252655029,21.87697043298151,1.0408849626005023,0.5601209508720508,18.32071323022543
Greece,2003,3.5306502776555115,9.839,0.7947240403564636,5.324054269388795,47.8943121550822,8.66116,2.79133677482605,20.25204380187716,1.1330291323877122,0.578928338206488,20.48677821217488
Greece,2004,2.8988481075816974,10.628,0.5288475727317714,4.54970535485524,49.82531767256803,10.485000000000001,2.81235814094543,19.62201146395123,1.3811224816755119,0.5464012293275005,19.45938095190091
Greece,2005,3.5450727333507626,10.074,0.503336986266197,4.477181098992167,50.35553343914074,9.33,2.83353781700134,20.79288237030706,1.129920728515676,0.6189545402689927,13.538328320321966
Greece,2006,3.195946841445463,8.906,0.5734903499296279,3.285576744161629,51.10474658348066,14.45,2.85487699508667,20.31135254443123,1.194830082540308,0.6536024241820169,7.904525503420558
Greece,2007,2.895003215165781,8.351,0.7902698255383919,3.154742981621466,54.52568181890442,14.46,2.87637662887573,20.54406470068464,1.1252795094128605,0.7058350423834767,9.109344780528993
Greece,2008,4.1527970811029435,7.664,0.7652129629543556,2.895058677158159,57.10528362649255,14.200000000000003,2.89803862571716,20.48921081051393,1.2611463375128102,0.6649704892635881,9.6
Greece,2009,1.2100726919780813,9.546,0.6187127231251531,2.925823956346543,46.37795939860826,10.149999999999999,2.9198637008667,20.04672122802593,0.6172919206134039,0.7881671150993235,9.9
Greece,2010,4.712989077603913,12.719,0.5056319438942426,2.914210207881199,50.92251730523034,8.519999999999996,2.94185280799866,20.43467912370192,0.41375341501725343,0.7807389076520561,10.5
Greece,2011,3.3298532335064968,17.973,0.4190823922220179,3.061845601082696,56.2929962856516,13.449999999999996,2.96274542808533,22.4592713947757,0.2139157336814732,0.7469748074952314,11.275974005206864
Greece,2012,1.5015269617775884,24.731,0.2851191856157836,3.419082078281966,62.39427897588609,12.670000000000002,2.98378658294678,24.95438871365769,-0.16904776753777684,0.7751663704174412,12.922064540186298
Greece,2013,-0.9212694542569899,27.686,0.3401790110566846,3.351462238794315,62.95474631044651,15.466300000000004,3.00497674942017,24.73080469403238,0.1930720294561606,0.6668746277954014,12.131550706194195
Greece,2014,-1.3122609640550564,26.708,0.3141894891691177,3.533461054303839,66.43356825656672,11.557299999999998,3.02631759643555,25.39872317915137,0.11440650740469056,0.7085484650165874,18.54180711645061
Greece,2015,-1.735888047652856,24.981,0.2617788926342612,3.82153798821664,65.27180113912135,11.764999999999993,3.04781031608582,25.39591075826208,-0.08631014953297873,0.7669654426712889,15.958781286192309
Greece,2016,-0.8256539783909611,23.514,0.2160384936422199,3.458129415333269,63.65766258903754,9.221600000000002,3.06945538520813,27.03496169937222,-0.4189385170157484,0.8620478664526701,15.571184386967516
Greece,2017,1.1212545203141966,21.413,0.2000538864290784,3.752270209453902,70.88260667415773,6.685700000000004,3.09125423431397,26.74281916884642,-0.26355090140342574,0.8385054792724063,23.13420959705154
Greece,2018,0.6256214134536364,19.179,0.2295837682525095,3.525730903416258,79.23816360637088,5.403400000000005,3.11320781707764,27.10839197682841,-0.2679041458904126,0.8659174485886609,23.86950371469861
Greece,2019,0.25300752203816224,17.045,0.3262465374980406,3.661519339313116,80.59010089117301,6.583299999999994,3.13531756401062,25.93243596549467,-0.023790185610158446,0.820965200090539,24.23314007833497
Greece,2020,-1.2479835558140473,15.899,0.3194881067622699,3.923829481233198,70.29378644863954,8.222799999999992,3.15758395195007,24.99171568584792,0.34797245821170636,0.6396265022945737,26.071375372452618
Greece,2021,1.2238250101985315,14.656,0.3155539462174873,3.531734881050931,88.01266274010585,6.255899999999997,3.18556451797485,25.57773595969348,0.3625174311880228,0.7236329079869268,22.97859186729798
Greece,2022,9.645259812806305,12.426,0.274387645140156,3.753295609612094,107.6792079024052,7.499499999999998,3.21412491798401,27.66939717860384,0.5263960916480768,0.7160590069811246,22.97859186729798
Hungary,2000,9.803610169081267,6.563,0.7682003125897735,5.065751564190016,137.26231309347,5.05968,2.96212720870972,22.35122157380225,1.609460901761766,-0.36287610867648823,40.53140917694821
Hungary,2001,9.1168091168091,5.671,0.6770557919401348,5.029453293693323,130.9037142363869,10.6386,2.99198865890503,21.37973756908676,1.6775602202288844,-0.34942403370493835,39.365037929311654
Hungary,2002,5.265448215839852,5.608,0.6557949603203405,4.369804580171404,118.2693352425551,10.810000000000002,3.02215147018433,20.88454060707543,1.7456595386960028,-0.3275063663206179,38.1986666816751
Hungary,2003,4.66101694915253,5.79,0.5481757767972399,3.90627498031927,116.7870885408618,14.63032,3.05261826515198,20.68455605751761,1.5072157993768793,-0.2271494000047305,38.1986666816751
Hungary,2004,6.744346795694689,5.832,0.6081362304556734,4.356835454550541,123.615686104174,13.211399999999998,3.08339214324951,20.38331658342927,1.5956509482927559,-0.20710570118786542,35.880785886973115
Hungary,2005,3.561517113783519,7.189,0.6467856358342565,3.725141853364563,128.0048106475382,22.299999999999997,3.11447620391846,19.919313955977,1.5814045950933329,-0.16401790244563585,34.84985805192156
Hungary,2006,3.9303260384100147,7.494,0.7427558882026501,3.538746010856285,149.2315315684611,25.430000000000003,3.14587378501892,19.82880977178268,1.9253452357048126,-0.2214783562448286,28.599858051921565
Hungary,2007,7.958745165449099,7.406,0.6965180977271683,3.487866308996979,155.6014323680703,25.56,3.17758798599243,21.39180260065795,1.7881521756707948,-0.17955818454038486,27.11837657044008
Hungary,2008,6.042512538810607,7.817,0.8311628885804094,3.478149400718366,158.4532241156186,22.03,3.20962166786194,23.27352481562112,1.7041992542864162,-0.1442262746382319,23.79734336010798
Hungary,2009,4.2117117117117076,10.03,1.16431176711241,2.995277280317971,145.3058773301899,14.939999999999998,3.24197840690613,23.34088968482458,1.4042089846449735,-0.12124413931836031,16.133109783465642
Hungary,2010,4.855557956919565,11.172,1.350026093767101,3.007108941064527,157.838960085896,11.700000000000003,3.27466106414795,22.63499581242569,1.3878984510316104,-0.11379151390688058,12.00087837850696
Hungary,2011,3.9299209893506992,11.029,1.615412603564298,3.973021544101327,166.7543472098971,7.019999999999996,3.29019379615784,21.07557794681664,1.4483514577076908,-0.11467764086379617,25.847032224660797
Hungary,2012,5.652145170886458,11.003,2.426911670764514,3.888507538920606,166.1756986095705,8.579999999999998,3.30580043792725,22.92903194082905,1.2559791529269497,-0.08362317569995703,23.49409104819022
Hungary,2013,1.733199849831002,10.177,3.035372484687419,3.922537344598539,164.4760247914666,7.643900000000002,3.32148098945618,22.87443664745718,1.2245777679880558,-0.0627329138093895,19.16338238677289
Hungary,2014,-0.22756627098822202,7.725,2.968629722324401,3.945298303792911,168.3583550864127,7.633200000000002,3.33723592758179,23.00295155447825,1.0246928415610044,0.011194572416146187,22.73481095820146
Hungary,2015,-0.06164468006416568,6.813,3.139833565057101,3.761355481837732,167.2907384945242,2.2546999999999997,3.35306549072266,23.22214919041165,0.6302807374268378,0.13717273624367365,20.295786567957546
Hungary,2016,0.3947693066863822,5.115,3.223857429936166,3.867725721294203,163.9719445001501,6.615499999999997,3.36897015571594,23.00061726351721,0.515964526757549,0.1775926691413403,19.870254653063935
Hungary,2017,2.348242811501544,4.156,2.87307372025368,3.748946669087185,165.0328558402676,1.0973000000000042,3.3849503993988,22.84571441035497,0.6168381621288759,0.18487926060445226,25.300118906457598
Hungary,2018,2.8502479259464586,3.708,2.729882203354765,3.471627302797375,162.7008587779249,3.239699999999999,3.40100622177124,22.44799235817325,0.656575661635375,0.2217281911303175,23.69369320364636
Hungary,2019,3.338586353820072,3.419,2.955822499954049,3.32505112170721,159.9255564648309,1.1123000000000047,3.41713857650757,22.23982413531975,0.4862159600480038,0.3161529240252534,25.812337271442978
Hungary,2020,3.3267438576673802,4.25,2.47049834371569,3.362546853711764,154.2954987941878,8.02069999999999,3.43334698677063,22.68589592893885,0.5471247790965099,0.2579160530830844,23.820305398933012
Hungary,2021,5.110965343828555,4.045,2.051324452772436,3.457830969236291,158.7297827919586,12.566400000000002,3.47287368774414,21.34569929633059,0.5745348600763811,0.3121770680860614,22.590797202211693
Hungary,2022,14.608143949243368,3.609,2.237460797995526,3.133662489084941,183.8080141396221,8.77109999999999,3.51340484619141,23.35810462112193,0.3439294840675678,0.4075463212379784,23.867392946892547
Latvia,2000,2.6542547779604853,14.211,3.24916548495243,4.549578595635299,83.61213211005558,4.2690600000000005,2.82994890213013,14.9292896748727,-0.8682865389906572,-0.11708147315553497,57.6103504609697
Latvia,2001,2.4870400355545774,13.821,3.341428598551234,4.480987299357452,88.17682781842481,3.8993500000000005,2.8562593460083,14.82444033267102,-0.4154169447699906,-0.178890968842774,55.25520215781628
Latvia,2002,1.938875738558954,13.829,1.216990244622318,4.627649839031586,85.97720567781954,17.55,2.88281440734863,14.49706451286573,-0.086662598428652,-0.2130676319063447,52.90005385466286
Latvia,2003,2.942647529484721,12.061,1.400732157517704,4.102410527399187,88.58155804186718,20.66094,2.90961670875549,14.86619319241398,0.4130517399234989,-0.251003813287765,50.00531701255758
Latvia,2004,6.192385471974404,11.708,1.580712215968045,4.365045801204249,97.23526557717477,31.36065,2.93666768074036,14.91736326790743,0.48780174543282745,-0.18851702476562515,50.850387435092806
Latvia,2005,6.748450278931095,10.033,2.324493638846083,3.86773701723693,104.5171566029184,24.06,2.96397042274475,15.71127399452766,0.3723933695774297,-0.04207461781511945,48.154969645335385
Latvia,2006,6.536199087658789,7.03,2.349556530009094,3.423151928095865,105.6953420804555,26.650000000000002,2.97694563865662,16.41184212859962,0.47546189193381916,0.025094252158403663,43.27692086484757
Latvia,2007,10.092977584916829,6.052,1.871101200623722,3.453976035605391,100.8809108718279,20.590000000000003,2.98997783660889,16.01570797635835,0.9915216046719452,-0.032428195961500705,38.148715736642444
Latvia,2008,15.402319106498608,7.739,5.625949534651045,3.091287125312464,95.76816284385706,17.409999999999997,3.00306701660156,15.31409597621023,1.129833338321644,-0.11644129877065268,33.3148788786364
Latvia,2009,3.5341067285894257,17.515,6.175814000718793,3.286841213522834,88.83204949636918,13.21,3.01621341705322,13.55255924162154,1.1060599219594829,-0.24372433137769356,25.59882949592035
Latvia,2010,-1.0846359501516134,19.482,5.357715505538946,4.115884972832405,110.8623538627196,9.25,3.02941751480103,14.1617549792208,1.1795004114831809,-0.25843866563974593,24.15998057505704
Latvia,2011,4.370735599392206,16.206,5.66570960282216,3.777800793628376,129.7347580144853,6.340000000000003,3.03802037239075,15.03494747678276,1.1217661385360431,-0.18835778112415724,34.3640622077101
Latvia,2012,2.2577892437459335,15.047,5.526578074371452,3.532853880289757,133.2115036509576,6.279899999999998,3.05356788635254,15.44659611493871,1.4659129786617942,-0.21786404177675323,32.04618141300812
Latvia,2013,-0.0294547782579202,11.867,5.503687798381204,3.212086904136796,129.6771849290995,6.814399999999992,3.072678565979,15.90284344831547,1.6432479601247394,-0.22618221090164958,25.25006490815375
Latvia,2014,0.6204906367324403,10.846,5.130859000043833,3.616396389636825,130.042252244959,6.076099999999997,3.08140444755554,16.17406020621307,1.9643877691982603,-0.2791262877458216,22.340973999062843
Latvia,2015,0.17424224362516672,9.873,5.070376735368195,3.554450184450871,126.3800144060062,6.080699999999993,3.08315277099609,16.37392577735514,1.915918492967655,-0.23084638004643843,20.820061451534333
Latvia,2016,0.14063333450533566,9.643,4.554119945170434,3.325325389557606,123.3305184296593,4.607700000000008,3.09366273880005,17.2317291892857,2.1534505745061967,-0.263083452192042,18.1483057263435
Latvia,2017,2.93036312374666,8.715,4.335148628489961,3.62476211824764,128.714003328884,4.287999999999997,3.11567378044128,17.2061420461167,2.0690256048856117,-0.20184370834040521,25.044857450481423
Latvia,2018,2.53445424186598,7.412,3.721582416231542,3.661047780195126,128.234095559822,4.3766000000000105,3.13784122467041,16.19951066020593,2.215282508350672,-0.19890331731513733,23.55232013704859
Latvia,2019,2.811409200756154,6.312,3.452051244692569,3.853434441998361,125.2916317079301,6.293399999999991,3.15032386779785,16.19985063754014,2.278342483645783,-0.19702790179938212,25.513104450774073
Latvia,2020,0.2190649048421367,8.098,3.260491525495123,4.079181942175598,123.8831980465598,8.783900000000003,3.16514873504639,16.28185272960826,2.040741942883277,-0.16763653587444338,24.764040780362087
Latvia,2021,3.2758293743115674,7.513,3.450209080599247,4.206722515353609,136.7966154148187,7.602399999999989,3.18013668060303,16.45373672022721,2.1647401391448247,-0.10133267752702046,22.898369138571045
Latvia,2022,17.310283019881467,6.815,3.404382362838114,5.078001394749398,159.8443448590604,4.894600000000011,3.19528985023499,17.1496668598817,2.0028874779472963,-0.05168848009338589,21.748943851214722
Lithuania,2000,0.9816154788576004,15.931,0.4323765527149051,5.573516115293964,83.19149427481159,5.44907,2.90480780601501,20.25482082289696,-0.42943466318979695,-0.27044843037044863,54.952352975934886
Lithuania,2001,1.3671203081781824,16.84,0.6455553441923637,4.86500650657571,93.48713736858365,5.20936,2.93794012069702,19.36763715695449,-0.0375258396426336,-0.2905670382060297,54.781819576002455
Lithuania,2002,0.2815066103455832,13.008,0.7649195274608172,4.767604758983365,100.3322294748177,14.770000000000001,2.9714503288269,19.1715740989114,0.5198699810769669,-0.3655290711723467,54.611286176070024
Lithuania,2003,-1.134308549902474,12.874,0.6105204402475709,4.416392982900566,98.09140432067113,19.48293,3.00534272193909,19.03600583266974,0.9384097081983513,-0.41253541782005954,50.66762420423903
Lithuania,2004,1.164102521046706,10.684,2.539193074761656,4.151676237752007,104.0720706985433,24.05064,3.03962182998657,19.26354664792859,1.1153964119713495,-0.3426971119002502,50.05972146867672
Lithuania,2005,2.6584848406526085,8.325,2.854876160288558,4.327270744996564,117.4496911651857,18.529999999999998,3.07429170608521,19.74893138160455,1.276889982695528,-0.2873188138499678,46.21356762252287
Lithuania,2006,3.7391200406066583,5.78,3.301904885066643,3.872890516397903,124.6136330472924,17.99,3.08921837806702,20.53003479975536,1.2949636893477297,-0.19306705634976495,43.10797756041107
Lithuania,2007,5.73717382799841,4.25,3.607163103681934,3.472676095223872,116.2958103281718,18.669999999999998,3.10421705245972,20.35332704370976,1.128682495898495,-0.042364741132725925,38.980993433426946
Lithuania,2008,10.925885624165499,5.826,3.272565988857548,3.281583238013926,126.7597078318407,19.0,3.11928868293762,20.46760196769608,1.0079945787536937,0.01465198521375477,36.287390739824254
Lithuania,2009,4.453044565185338,13.785,3.30674682269735,2.529282768612121,105.0402512366138,15.86,3.13443350791931,16.99183756831762,1.2163916288730585,-0.20816931014978124,29.64287246739901
Lithuania,2010,1.319213620554649,17.814,4.566718049265476,3.068715185540595,131.6265073960088,12.219999999999999,3.14965200424194,16.24099885791475,1.3869151237484088,-0.23252601637296522,24.55196337648991
Lithuania,2011,4.13027562645083,15.39,4.527839508624401,3.518971293682633,149.6453069272154,8.420000000000002,3.17061185836792,15.66604499898073,1.3412004130885782,-0.1507859606691273,37.8547156700679
Lithuania,2012,3.0899827705541894,13.365,3.528926512757143,4.000074487602162,156.6389256505128,7.470000000000006,3.16870069503784,15.68461913144267,1.779027787788623,-0.2214592571416798,33.68804900340122
Lithuania,2013,1.0474793706534369,11.77,4.448683672418456,3.534358105532235,156.626637927418,6.332900000000002,3.17443776130676,15.78117147182343,1.8779890667269976,-0.20465959132157785,25.674111721171258
Lithuania,2014,0.10375800943369651,10.698,4.37464712421907,3.440160840957196,143.2901157806939,8.493499999999997,3.21488857269287,16.03350265526387,2.220144379654826,-0.26971808942461273,23.641591395968003
Lithuania,2015,-0.8840974055005835,9.12,3.304732445921266,3.43671864804715,138.1955750096005,4.1480999999999995,3.24605417251587,16.75772529337982,2.4696606963976646,-0.3042135440759921,19.188150100421435
Lithuania,2016,0.9055250754603339,7.862,2.978613112780157,3.120618960566807,134.690449650877,5.923699999999997,3.27554607391357,17.0998350982682,2.4051023281863433,-0.266392843613227,16.590747503018832
Lithuania,2017,3.7228886230370684,7.073,2.72747361994343,3.549336337126324,144.9183931013247,5.481800000000007,3.29138422012329,16.76421589906419,2.2628157121655628,-0.17348241203611536,23.94368867948943
Lithuania,2018,2.697927792083954,6.147,2.556086630617988,2.886857266476746,147.202132525221,8.344499999999996,3.31195569038391,16.75246512833532,2.281771216376839,-0.13599700263741177,22.263016410581873
Lithuania,2019,2.3345093798802674,6.255,2.365550496308179,3.124047444037156,148.3749960118185,7.205300000000008,3.33265566825867,20.08894005314827,2.4082192385200196,-0.12964433218240856,23.140209393038017
Lithuania,2020,1.1998944498356812,8.487,1.377027413769777,3.532419939143262,135.7965655635187,5.44019999999999,3.35348510742188,20.50301716275231,2.351858105340699,-0.1229680588745854,21.863613648357163
Lithuania,2021,4.683544209034518,7.112,1.160663027784644,3.39582123831296,154.8067276759695,7.207899999999995,3.37148022651672,21.27444761403129,2.6046159643576834,-0.12370941270665803,20.146875450932274
Lithuania,2022,19.70504615183939,5.955,1.036051416105716,3.927938291255397,175.6516121510927,6.142299999999992,3.38969135284424,21.28207731252134,2.6032039759943055,-0.1143659447720875,21.043736437479364
Moldova,2000,31.299301581778426,8.539,13.7826722310316,25.40932153059404,126.163100130478,1.25475,2.76123809814453,14.72574961181825,-2.6626533411924638,-1.1677223178114922,52.38135814395821
Moldova,2001,9.764662857576422,7.366,16.3580954622492,22.42004067809563,124.5007395993529,1.22681,2.77845358848572,12.17120030930847,-2.730952624968063,-1.0665422551791366,51.762656279976746
Moldova,2002,5.301243902615882,6.845,19.4118710536305,21.02182945113416,129.8395255015349,3.18624,2.79577612876892,12.88135436922861,-3.0061106552092083,-0.9138707963897534,51.14395441599528
Moldova,2003,11.746079205823223,6.378,24.43425631630399,18.32820160034759,140.0565299250516,6.12469,2.81320691108704,14.67287012563815,-3.0106154845630595,-0.8578897788992279,49.419816484960805
Moldova,2004,12.5242768428228,6.374,26.99394284153347,17.58673826173826,132.6990696803197,9.14159,2.83074617385864,16.35739260739261,-2.828064295431289,-0.8054912190812473,55.08019384345137
Moldova,2005,11.959183722212586,5.633,30.62165315255497,16.3997954955912,143.0235684691384,10.84306,2.84839510917664,18.48533942420057,-2.396560564651472,-0.8502885809004113,52.15514813961224
Moldova,2006,12.777755783035039,4.2,34.49917463815525,14.49887607811592,137.1547638199937,12.213059999999999,2.89081907272339,19.57121151182017,-2.792386824396615,-0.7564416618207357,45.96206981538637
Moldova,2007,12.367166841430087,2.723,33.88323859386112,9.982970241437394,142.7205390230208,9.820599999999999,2.93387484550476,20.56653565412689,-2.8421851088979992,-0.7289350079477206,44.93326323102423
Moldova,2008,12.783047261881997,2.073,31.18207767216554,8.8109341724675,134.4216013477003,8.7597,2.97757148742676,20.44594895267156,-2.6246906428911836,-0.7284189955914666,49.09081246515989
Moldova,2009,-0.06271859671092006,2.987,24.86196049861357,8.497462750292268,110.3633268504946,7.8794,3.02191948890686,17.68531332130935,-2.333180175596461,-0.8907357844673687,45.20731731952882
Moldova,2010,7.483850863508512,2.937,25.13024273207062,11.16125723258789,87.93785189515728,9.23,3.0669279098510698,15.16064072296947,-2.286802346221194,-0.8799425546220192,40.780757963392
Moldova,2011,7.687251033561804,2.648,21.54782680334622,11.38425259964448,98.61759653265561,8.68,3.08049821853638,15.24032722299611,-2.156026486905725,-0.8761506761942659,50.20104781846448
Moldova,2012,4.546334273553021,2.151,22.80868502949207,10.44817272071517,96.30640983362943,7.149999999999999,3.10781860351563,15.59534634068836,-2.0252694799386806,-0.9239992627235356,43.55968159455556
Moldova,2013,4.597878973631353,1.873,23.07681483988655,11.55036193738799,95.68729683323835,7.759999999999998,3.09412813186646,15.46963600197381,-2.023010491752374,-0.8436250659624722,36.44586045634418
Moldova,2014,5.0887855462586895,1.425,22.07934586445568,14.07095695844868,94.22829196909277,34.93,3.10781860351563,16.82879915308947,-1.8274025852517375,-0.9034608217036322,35.50689332019393
Moldova,2015,9.67624033101866,1.742,19.75103529226903,12.82125575220335,88.96641545653229,34.35,3.10781860351563,16.29096808704749,-2.382295766577788,-0.7555902321331285,32.2661525794532
Moldova,2016,6.359308980379308,1.557,18.38410280509725,12.4797438509487,89.00468371886707,33.56,3.11304998397827,16.43011832046671,-2.7257435535200827,-0.5945114859326974,30.086975824005258
Moldova,2017,6.570229974555986,1.586,17.21463580072482,12.19959107728541,88.62339027543784,-17.1,3.11829018592834,17.72739043133138,-2.4615595124239453,-0.5802958151915671,39.20299792345276
Moldova,2018,3.0450539733706927,1.196,16.33373865230318,10.14687845713652,87.44678742756476,-18.700000000000003,3.12353920936584,18.01408373848405,-2.2994074562665174,-0.5438098009589005,40.62479887132006
Moldova,2019,4.8377835142873415,1.466,16.27283824623813,10.16081262864411,87.63223711489063,-13.2395,3.11960172653198,17.65629012787701,-2.3204807055365766,-0.5170399401217409,39.93830001548483
Moldova,2020,3.7659712224535014,1.186,16.27492238441102,9.366692013801776,79.26572211915801,8.3153,3.12748169898987,17.90989848949549,-2.4068622919322995,-0.5712312519596381,41.11200893567262
Moldova,2021,5.106411290028423,0.785,15.47874843911975,10.5865870134286,88.47088653992667,24.195000000000007,3.13142919540405,18.38811636693465,-1.984892193218816,-0.5787750801219609,38.869856469304914
Moldova,2022,28.737297676623452,0.897,14.02941581681823,8.114280000584213,112.1176715797656,18.980700000000006,3.13340497016907,18.92100495459433,-1.637561661308664,-0.6946954810400392,38.40256674967874
North Macedonia,2000,6.607422910385341,32.2,2.14481880362778,10.09628146038947,80.16014735809142,1.98157,,,,,42.86783735349467
North Macedonia,2001,5.1988852574405,30.52,1.979688233371497,9.745119714096667,71.47821056843891,2.46818,,,,,44.182596973996844
North Macedonia,2002,2.314597940832175,31.94,2.635467194065345,10.17012077453487,71.53348467211434,15.829999999999998,,,,,45.49735659449902
North Macedonia,2003,0.8555621227242405,36.69,3.510939154601782,11.53877645202349,71.06932049096743,16.58443,,,,,45.994869032309964
North Macedonia,2004,-0.448650206552037,37.161,3.748445063523246,11.55399485729346,80.87048499569067,20.97182,,,-1.8768256491257964,-0.3417304001265702,49.831186167859826
North Macedonia,2005,0.5255159507142837,37.32,3.62011272498295,9.73619454882038,85.84100347871757,9.120000000000001,,18.42509865130801,-2.0890670198259818,-0.23653822729429308,46.835794462790695
North Macedonia,2006,3.2136292960634805,36.392,3.884967005246049,8.989368056385139,92.55166646756659,9.55,,18.08266168587982,-2.2828414130491814,-0.1334007167493212,45.386519100471865
North Macedonia,2007,2.2517579830545476,35.231,4.138562462998106,8.932416885453847,106.0929660032878,11.859999999999996,,19.07483022172818,-2.052100528837171,-0.15204786038712648,39.311752745331674
North Macedonia,2008,8.33189666968095,33.93,4.103373524558687,11.4435151485936,111.5700547132975,19.59,,18.52394610619682,-1.6829549425228345,-0.2059836274218636,40.933374366953295
North Macedonia,2009,-0.7396339630611481,32.351,4.054076072084627,10.37016849081814,87.17675376608092,23.150000000000002,,17.12957826646922,-1.3376881376978833,-0.30185813933265493,40.41254103361996
North Macedonia,2010,1.5099752202762273,33.135,4.123781580933405,10.12060480772749,97.88106911565622,15.600000000000001,,16.86569280304416,-1.3545221104623089,-0.23379852378271515,38.60375550390418
North Macedonia,2011,3.904754220697293,31.502,4.13663540983114,9.350992920941174,113.19191013947,10.660000000000004,,16.99965100196904,-1.2912559878632368,-0.25181908598320923,45.7876635498812
North Macedonia,2012,3.316055666876472,31.096,4.0445665010196,9.104719703965905,112.2148347021553,5.679899999999996,,16.41665041793175,-1.3353464705399838,-0.23898145422835348,37.91729317951083
North Macedonia,2013,2.7850005672611866,29.017,3.476414906504735,10.02747608544485,104.8572299563053,13.339999999999996,,15.66895800432763,-1.225998582728799,-0.24601399474806485,46.25062651284418
North Macedonia,2014,-0.28170503292850313,28.215,3.373916190754943,10.17756727713118,112.5379289692986,11.358499999999992,,16.23528370812178,-0.744927099446438,-0.340991578148488,45.743012299646196
North Macedonia,2015,-0.29992047563155433,26.395,3.248059561865775,9.726918494187357,113.6984438791028,12.930300000000003,,16.81823312222473,-1.2081509388417448,-0.16642119637279862,44.22786078449469
North Macedonia,2016,-0.2392907876844097,24.312,2.963581258466976,9.172908312948158,116.1854084180264,6.916800000000009,,16.9511578216024,-1.5945975756010986,-0.02243033544510986,37.65851771880127
North Macedonia,2017,1.3516188967744203,22.857,3.050648588840418,7.873245042112519,124.1372838962896,6.458300000000008,,17.16111359054919,-1.6082811448958505,-0.0014939976870014249,39.950781329116445
North Macedonia,2018,1.4583129850711751,21.208,2.989733474460303,8.470398469914265,133.2152076480077,8.787599999999998,,17.57493631759568,-1.4625455374567005,-0.003305586803476146,39.67755728540059
North Macedonia,2019,0.7664395734597207,17.414,2.813069658945059,8.132291394476262,138.5762318405389,9.25609999999999,,17.08328107951256,-1.687855802446533,0.09768370448389518,39.67755728540059
North Macedonia,2020,1.2000734888848674,16.575,3.802947538111766,8.569059287592637,128.2412443222568,6.8887,,16.12703466396725,-1.2317169217672916,-0.04691103803184227,38.8601185933025
North Macedonia,2021,3.2307491213291906,15.801,3.497385174828872,7.147488844258305,146.7214114840735,2.7058999999999997,,17.39296314321162,-1.1785134504704122,0.0025626980084272333,35.642960416358804
North Macedonia,2022,14.204717319583281,14.476,3.276954245286739,7.279887854681625,166.1473573798775,3.595100000000002,,17.68793831468329,-1.0984371942724611,-0.01442630680853263,36.510012439480214
Poland,2000,9.900175388430643,14.928,0.8649722417713116,3.190500073835691,60.61072094232966,5.21543,3.01870203018188,16.88894979039976,,,20.222722483491935
Poland,2001,5.408335455661484,18.435,0.8148128052158078,3.324950178593031,57.8785312712895,5.80067,3.03832674026489,15.97914186207907,0.6659843035090314,-0.36178316403817234,20.11164284973034
Poland,2002,1.9052821504805362,20.211,0.8437890427856056,2.809416269821788,60.79679905739114,15.689999999999998,3.05807900428772,16.78813392900977,0.7334148113324865,-0.34785356199590645,20.409491500798442
Poland,2003,0.6827013757876976,19.899,1.045016099981059,2.691761539104072,69.21344798417884,17.58457,3.07795977592468,16.66527451144175,0.6775369286419994,-0.2931412269372409,20.744007872818166
Poland,2004,3.3826468188469017,18.822,1.843377988966639,3.33358582113835,70.98157656941618,22.629330000000003,3.09796977043152,15.61857556337675,0.5058068422251172,-0.1947609161484678,21.22430554120487
Poland,2005,2.1837987239025747,17.592,2.372313374704141,2.967603718137549,70.31147909025836,17.660000000000004,3.11810970306397,16.42798247848319,0.06283236792176448,-0.05778526089463476,20.910552372695918
Poland,2006,1.2846939436640836,13.794,2.764690807406545,2.745918248515197,77.70080354023524,19.709999999999997,3.14025592803955,17.09206940724351,0.4048391468454484,-0.07822399108557576,21.266855974114247
Poland,2007,2.4587431238540347,9.551,2.786729883221375,3.094087083729181,80.74539905669103,16.07,3.16255927085876,18.05730475942258,0.38739671823183885,-0.007458948033564283,20.95188485371158
Poland,2008,4.164971935247608,7.069,2.300359083522484,2.643094994726519,80.57468155692065,14.32,3.18502116203308,18.19874009914609,0.6645231883191435,-0.05330931819310969,21.03887732678699
Poland,2009,3.7953924248340654,8.131,2.316669893373577,2.626406250454333,74.96859652642691,14.39,3.20764255523682,16.00966529131084,1.0327014401048142,-0.14520004813245713,20.54488161027984
Poland,2010,2.580693702505421,9.578,1.613012423265009,2.915548156626088,82.22585232199216,13.719999999999999,3.23042464256287,16.53702354940519,1.3586634659262586,-0.2155616498413373,20.72741528860459
Poland,2011,4.2394014962594095,9.576,1.471634259991624,3.171807012439775,86.9236892837618,8.82,3.27970886230469,16.66968256353365,1.5510120844402335,-0.22058727183351046,20.767862728660305
Poland,2012,3.560371517027816,10.031,1.413433521139263,2.98562113420809,88.82990330665832,3.3400000000000034,3.32764506340027,16.00525692221013,1.7630683265401998,-0.2705012602676895,20.61795527487833
Poland,2013,0.99198260633242,10.293,1.439075679156022,3.226525368672486,90.41750724156292,0.529200000000003,3.32764506340027,15.67425911362293,1.8828895901827942,-0.29831867323355254,20.998399606668254
Poland,2014,0.053821313239987845,8.971,1.377518786330134,2.971199022327994,92.03401971131778,4.648699999999991,3.34026527404785,15.62719822709239,2.0663858316825943,-0.3166458968420969,21.089120397491953
Poland,2015,-0.8741258741257751,7.475,1.423797804332977,2.48363694237949,92.25542727419422,5.686999999999998,3.3571662902832,15.61359531909344,2.0136815241948733,-0.25610321193569874,21.53544027461271
Poland,2016,-0.6647673314339575,6.141,1.429025350436236,2.623796865956398,96.8659028060623,10.451500000000003,3.37415289878845,16.20902913245729,1.551668564377159,-0.10283683264362509,22.01908369898197
Poland,2017,2.0759355367385046,4.867,1.382588633468147,2.985372859864305,100.5658952462796,9.386700000000005,3.38267827033997,16.73557568072691,1.0671937360365935,0.07556515586501789,22.24046945333802
Poland,2018,1.8129515654267792,3.835,1.278638972530566,2.415641368661666,102.4424621680053,9.544700000000006,3.39122533798218,17.18482184889367,1.0242828055691628,0.14930052912129277,22.445893973255366
Poland,2019,2.22747880938301,3.267,1.246922577356522,2.370297446464433,101.581033817373,7.1351999999999975,3.39979410171509,17.1407592886385,0.9376785063963454,0.22048500788947045,22.15346113724401
Poland,2020,3.3744697261858914,3.155,1.227566571374522,2.568444235474155,99.25909123034361,7.1995000000000005,3.40838432312012,17.291144093996,0.9235862698462517,0.21779444457558128,22.237933048799835
Poland,2021,5.055027047192717,3.268,1.150514101088176,2.245523043616462,110.8742830219446,7.833199999999991,3.4350049495697,18.95906772000039,0.7023930225948395,0.33925312066903324,22.37689147416883
Poland,2022,14.429450757575758,2.811,1.087394795362562,2.806069303578051,123.0213328603447,6.505200000000002,3.46208596229553,17.12253091894158,0.6689859745363831,0.39805504743683073,22.263712490852498
Romania,2000,45.666594044023824,6.969,0.2576922511935366,10.8539180518615,48.5213253850786,3.16872,2.93746614456177,17.96270947941899,-1.6341051278766776,-0.12812161929358012,25.34119715774322
Romania,2001,34.47701234935274,6.561,0.2871634242372099,13.1496003966219,51.92859102114805,2.2986699999999995,2.95060968399048,16.63341607647579,-1.9252611342286818,0.011029070807634156,25.833974375204644
Romania,2002,22.539886260538555,8.112,0.3104275251770686,11.34243768531866,53.71024781393761,3.88,2.96381211280823,16.48910006140348,-1.926814895528921,0.0795789443424546,25.91262539888982
Romania,2003,15.273488993625485,6.95,0.2145091789392948,11.91438408983856,56.17952704702434,5.2862800000000005,2.97707319259644,17.77476375277723,-1.8636603941578103,0.08499660400780229,26.153008625018245
Romania,2004,11.87436359363987,7.719,0.17472803848815,12.70551146090761,60.62647866694076,10.46133,2.990394115448,17.42126615780158,-1.6129864572297863,0.11722900598049257,26.454512694642904
Romania,2005,9.014912833438338,7.174,0.9667252356129117,8.486104289206757,59.36054944905545,14.92,3.00377440452576,17.46805692913559,-1.610599691393758,0.16462739605614907,26.630114325865225
Romania,2006,6.558514122769843,7.27,0.9510151022400385,7.82080658741648,61.68362592651591,15.76,3.02271199226379,17.94705723436571,-1.4553988866022554,0.2027275341836443,27.100798122089287
Romania,2007,4.837329283139891,6.413,0.9303475199009614,5.50150097100926,63.5051566734658,13.3,3.04176926612854,17.53952572651859,-1.4567031291937012,0.2853581445225686,27.403651559893635
Romania,2008,7.850802557144831,5.787,0.7943113706887235,6.301930565728485,65.1752009979412,10.920000000000002,3.06094622612,16.78544449248414,-1.311710240550327,0.3485477718138892,27.374011487158395
Romania,2009,5.58742004264392,6.859,0.3919713992761111,6.116142632519123,58.47005836665288,11.940000000000001,3.08024454116821,15.27210523024579,-1.1599317423072835,0.3338464254976863,27.07899501487186
Romania,2010,6.091416686018891,6.959,0.3771434824579796,5.177246633576804,69.95493549327178,11.629999999999999,3.09966444969177,16.23933869617308,-0.8689628604604742,0.15788470403998822,27.028121587052762
Romania,2011,5.789253288158802,7.177,0.3603478606251004,5.950888485870222,76.271356441629,7.589999999999996,3.1184663772583,17.21537374305005,-0.8554723120381575,0.2104103196115883,26.954021309671795
Romania,2012,3.3349226769344043,6.794,0.409351035859985,4.54079724771484,76.59432399136725,9.280000000000001,3.1373827457428,17.15870535581338,-0.6894528153812105,0.1856436197471787,27.196801922866225
Romania,2013,3.9847123554813013,7.096,2.532037728804857,5.509725568921242,81.39761317471827,9.834499999999998,3.15641355514526,17.7605860355839,-0.3228501810761898,0.09092229707499833,26.94208809149536
Romania,2014,1.0683098768429877,6.802,2.545295266376696,4.948340945276235,83.37514295752013,14.0683,3.17555975914001,17.93906459063694,-0.163769214932483,0.08271094893162534,26.546915081616227
Romania,2015,-0.5941564374951969,6.812,3.03084180005794,4.425929683954189,83.5205767017155,9.883199999999995,3.19482231140137,18.91817624790786,-0.20350883466116365,0.11504765805772621,26.851271168879254
Romania,2016,-1.544796668138959,5.901,3.200263439311962,4.292175372552398,85.8925282906884,9.7395,3.21420168876648,17.11183625257951,0.15462326172320137,0.058410864015819186,27.314982766740037
Romania,2017,1.3390212110439004,4.927,3.119552942452308,4.438842836821937,87.15606456678009,9.669000000000004,3.23369860649109,15.58664738734596,0.11500472205681343,0.13786702314831345,27.713503579233297
Romania,2018,4.62548443137778,4.187,2.868535713912111,4.495038504770907,86.49119902115363,14.918099999999995,3.25331354141235,14.37433641883487,-0.11585186051611689,0.26782682400029145,28.101581615823697
Romania,2019,3.827854325994373,3.912,3.235109528967094,4.299220899229562,84.36771216193384,14.153500000000001,3.27304792404175,14.52231910222929,-0.1914326332588964,0.3300466352226721,27.72750363698007
Romania,2020,2.631073111847426,5.035,3.025678068283323,4.064781689807704,77.92364346006198,14.707999999999991,3.29290151596069,14.1465071921172,-0.3270570425335639,0.3366274208037989,28.098140618260143
Romania,2021,5.0523287609658185,5.59,3.180902817332139,4.60565294466557,86.61334942792192,12.90910000000001,3.30904531478882,14.92374137454407,-0.16596553606879233,0.34561463635355416,28.167603885056607
Romania,2022,13.795488743252072,5.614,2.963117743073042,3.812904386627802,93.62156248875453,11.845600000000005,3.32991766929626,16.15756594335888,0.04543772328344628,0.32721748046317245,27.727961963753085
Serbia,2000,71.12062879465411,12.6,,14.66697783165542,21.10904388074602,,2.81346845626831,,,,28.432946252291334
Serbia,2001,95.00522581000061,12.8,,12.77778229556074,53.89507861784853,,2.84502863883972,,,,28.339288624387706
Serbia,2002,19.490832157968917,13.8,,8.510139134948663,54.30288288957703,,2.87694239616394,,,,28.55646535655972
Serbia,2003,9.876178897295773,15.2,,7.029041121218382,58.2946720222191,,2.90921425819397,,-3.4914935598625876,0.2028381636252874,28.773642088731734
Serbia,2004,11.026362718346384,18.5,,7.627097447969917,72.28761624556495,,2.94184827804565,,-2.8381767895602277,0.09658328984604658,28.990818820903748
Serbia,2005,16.119980648282638,20.85,,6.160136940131649,71.9925488520017,,2.97484827041626,,-3.193365326190782,0.25708303633285645,29.20799555307576
Serbia,2006,11.724022998083372,20.85,,6.222232002356893,75.529235364472,,3.0058434009552,,-2.245501399323168,0.04359358879350417,29.425172285247776
Serbia,2007,6.391706443914114,18.06,8.385767012943377,5.504865651491481,72.71658757715343,9.649999999999999,3.03716158866882,20.48727479001948,-2.0971486151434746,0.07884846361252151,29.64234901741979
Serbia,2008,12.410986775177935,13.67,6.539006735395294,6.359773478461168,75.74324628688387,9.3,3.06880593299866,20.35747308035321,-2.0968674088572823,0.14499362664319548,29.859525749591803
Serbia,2009,8.116950922380806,16.116,9.902638202604534,5.991595031767424,63.50172261575408,10.900000000000002,3.10078024864197,19.24089065763938,-1.9226891494992222,0.10329124250519328,30.076702481763817
Serbia,2010,6.142553602472489,19.204,9.45743060186176,6.116509418894371,73.70886158652951,7.75,3.1330873966217,19.4313895022311,-1.853715250381199,0.12903839941022355,30.29387921393583
Serbia,2011,11.13739763421291,22.959,7.728556841133646,6.348004517752726,75.74936130695227,6.600000000000001,3.17849206924438,18.31377380047713,-1.6838919820267109,0.08770483823735375,30.511055946107845
Serbia,2012,7.3303858959664625,24.0,7.862966792166596,6.043640142156391,82.07668143482539,10.0,3.17734909057617,17.81456033172345,-1.6058161583836066,0.058140156371480955,30.72823267827986
Serbia,2013,7.694263628966547,22.154,7.976914202642367,6.299651917289616,84.33225637666382,12.550400000000003,3.17620658874512,19.98740090640633,-1.429927900258437,-0.00027645518621355336,30.945409410451873
Serbia,2014,2.082447938801546,19.223,7.525365109036468,6.117375335927842,88.38150232704456,19.875099999999996,3.21297717094421,21.0521740869991,-0.9863008051723411,-0.14320055083797278,31.162586142623887
Serbia,2015,1.392358220001877,17.66,8.161372474056613,5.60595319138529,93.52814776632371,17.21699999999999,3.28307342529297,21.46665373705126,-0.9995759118226633,-0.11394226636563864,31.3797628747959
Serbia,2016,1.12231397417768,15.257,7.591081323720822,5.706640965714717,97.69069404318039,13.606399999999994,3.30915689468384,22.44446425282241,-1.0310203151221122,-0.10449597180174486,31.596939606967915
Serbia,2017,3.131062485901137,13.477,7.808153020666728,5.057786065256059,102.7404451669343,8.255699999999997,3.31630611419678,23.12895636005056,-1.0691929009048555,-0.07677986063438347,31.81411633913993
Serbia,2018,1.9598407629380032,12.733,8.421700519599197,5.204686510789782,105.5637130285592,8.043700000000001,3.34145140647888,22.63845372116851,-1.1353821419227104,-0.015720503684992337,32.03129307131194
Serbia,2019,1.8492298451108669,10.395,7.867724872242679,4.764748514931961,107.5773095460919,10.36,3.36678743362427,23.00029580473571,-1.1653616214250708,0.042193425142350804,32.24846980348396
Serbia,2020,1.5755329008341423,9.011,6.923650399422663,5.053737694017412,100.3244608101292,8.037199999999999,3.40696859359741,22.4302344933492,-1.1933476270558812,0.059877320881710716,32.46564653565597
Serbia,2021,4.085102853351019,9.843,6.949436728672673,5.155864698790637,112.3422983249453,7.805199999999999,3.44822263717651,19.66099611593206,-1.136102203798162,0.0696291970336187,32.682823267827985
Serbia,2022,11.981511734470285,8.439,8.53950939671764,5.338337720634305,131.9376423585797,6.121500000000012,3.49058556556702,23.89740663259408,-1.1734739954942945,0.11575524910806934,32.9
Slovakia,2000,12.035780597429891,18.546,0.06091168211717018,1.586626713473675,108.9392629587461,8.2568,3.25247144699097,33.632603,0.08861306263247275,-0.06324650215539407,13.164915393551432
Slovakia,2001,7.329620191155306,19.148,0.07322065955995279,1.985254930345502,121.9311312229117,9.8383,3.29945015907288,32.704744,-0.018154012433987194,-0.020417375182729458,13.518732216247136
Slovakia,2002,3.1271422298460694,18.541,0.06920041900558298,1.909015522755698,120.5991680458877,34.7,3.34710764884949,32.828171,-0.12492108750044713,0.04923128315257941,13.403633510386046
Slovakia,2003,8.554143054066454,17.549,0.9123962807850852,1.670518801938613,125.9985062208041,33.6132,3.39545345306397,27.862204,0.5097496637086595,-0.089105396849261,13.671818634431158
Slovakia,2004,7.54850088183423,18.206,1.228302233633784,1.506473532189518,140.2224600215854,40.3617,3.44449758529663,28.875662,0.7679663158044776,-0.10925850127008196,13.531719393025432
Slovakia,2005,2.709084945883844,16.276,1.935967694385678,1.471259706639539,148.7054611617464,15.049999999999997,3.49424982070923,28.710562,0.6531300388278327,-0.010582308195999701,13.228812834876338
Slovakia,2006,4.483331204496088,13.395,1.898798393283757,1.691612956808862,164.9922057262357,13.04,3.5176374912262,30.984983,0.5682984419594443,0.09949246262092615,13.588610094525244
Slovakia,2007,2.756723716381426,11.16,1.918876749108327,2.134560383329774,166.5800252168815,8.909999999999997,3.54118132591248,31.861017,0.44050406921653196,0.23788988480608175,13.600847105584098
Slovakia,2008,4.598179763250254,9.514,2.033485807981905,2.360474320177132,162.4644729916407,10.86,3.56488275527954,32.551767,0.7750714661366981,0.18655749888806916,14.070526684036858
Slovakia,2009,1.6151046405823877,12.023,1.871763071847458,1.909429876986767,136.7143520923637,13.920000000000002,3.58874297142029,31.530835,0.9190879783940121,0.09504917859025674,14.109882984474554
Slovakia,2010,0.9570181329751293,14.387,1.74607904404672,1.498594680537797,155.1084976815859,13.909999999999997,3.61276292800903,31.29091,0.9025013064139299,0.1612092024839562,13.852283437284697
Slovakia,2011,3.9192859914628952,13.634,1.759078675721221,1.793730806537577,169.1780763110657,8.39,3.67181015014648,29.333405,0.9976023055797751,0.15944866533845037,13.959657640948231
Slovakia,2012,3.606102635228914,13.966,2.034527028076377,1.794633047021315,176.9689581814313,6.709999999999994,3.64005875587463,29.220021,0.8160576820208683,0.2158749541418974,14.44770495596809
Slovakia,2013,1.400473689630255,14.226,2.375034049730238,2.074325555686505,180.9031364914581,2.1726000000000028,3.6558997631073,29.065929,0.7751723897774176,0.2313717593675122,14.466004785267247
Slovakia,2014,-0.0761653295419773,11.536,2.37004484724447,2.6149279736894,176.7563160981319,5.544300000000007,3.6558997631073,28.89065,0.9897687036939058,0.1893388611026463,14.675096575385616
Slovakia,2015,-0.3252197774276766,11.492,2.324723821366304,2.045969840341134,179.4260228950305,0.9247000000000014,3.70920395851135,32.510009,0.9545636764024925,0.2512405628824226,14.430437212747197
Slovakia,2016,-0.5200101962782533,9.679,2.354590218851107,2.06264218897129,182.7573795962006,2.5932999999999993,3.7280433177948,33.070989,1.2169841314807262,0.19211736914536282,14.865413117122896
Slovakia,2017,1.3119458822322683,8.142,2.663774753723685,1.848141668874559,186.6446873995488,1.6413999999999902,3.74426746368408,33.966245,0.93361931267541,0.2997448762839312,15.295006289405439
Slovakia,2018,2.514037128838109,6.544,2.658254692837236,2.009329161571681,188.7329646994964,2.8141999999999996,3.77146458625793,34.026961,0.7976472074495993,0.37974405850308557,14.808312315134438
Slovakia,2019,2.664561334254323,5.761,2.404196752945413,1.617009713341499,183.7226086312355,2.3778000000000077,3.78239893913269,34.534019,0.8170580767853199,0.39974013183397616,14.838147033094993
Slovakia,2020,1.936941266942216,6.719,2.286803811557729,1.729178243098858,167.5341733203664,8.295200000000008,3.80964589118958,34.778343,0.9951268524043767,0.3358065743977825,14.612721215504855
Slovakia,2021,3.1496062992126816,6.894,2.01462327964621,1.87320180025133,181.9046654366823,8.476700000000008,3.8373007774353,35.409802,1.1480535091017194,0.33074908886455034,14.624664377775893
Slovakia,2022,12.774146363761062,6.143,1.998717594210874,1.929985963745054,203.9289682480256,6.213999999999999,3.8653712272644,35.011408,1.0028766467713193,0.36230947065607744,14.203106941238724
Slovenia,2000,8.91174418658769,6.92,1.00351250699341,3.002676714399805,104.6203485814588,7.520300000000001,3.26419067382813,22.393054209072,2.106470672783148,-0.04173215656204121,22.20958633032515
Slovenia,2001,8.379665874922049,5.682,0.9589300837480423,2.721892575468665,105.5832235306839,20.075899999999997,3.27085399627686,22.37007132252826,2.1664626137487177,-0.0369561449971787,21.97137891846692
Slovenia,2002,7.480777707037545,5.922,0.9162340053530692,2.89427967530958,104.8804582894155,15.2389,3.27753090858459,23.05353112218086,2.185082805421178,-0.025513083003588122,21.61709623989617
Slovenia,2003,5.544164217529013,6.479,0.7857475534794313,2.216146572723534,103.2800271276261,16.744500000000002,3.2842218875885,23.27357623802797,2.2994792780463564,-0.0015062517521915453,21.3360040402056
Slovenia,2004,3.5929759424951024,6.012,0.7638358519553037,2.402136532374726,112.3999334667621,10.634100000000004,3.29092597961426,23.23088379253752,2.4504198194300892,-0.04370424969312836,20.862735399788125
Slovenia,2005,2.45150132316474,6.506,0.7263281931309412,2.424131321202131,121.1272842179144,18.971100000000003,3.2976438999176,23.66880400485219,2.428564016882493,-0.00860566188487688,20.46428505215959
Slovenia,2006,2.4579244419586477,5.95,0.7116473528666617,2.092058525412182,130.5179130861584,22.155199999999997,3.31612467765808,23.46902836414392,2.5532767070015767,0.007344312668362107,20.780698630780506
Slovenia,2007,3.65749563284099,4.818,0.6687670174027748,2.032832956115265,137.66309435102,15.93,3.33470916748047,23.09114982095296,2.3276054663535497,0.12204639221384639,21.15862740882553
Slovenia,2008,5.647423805739349,4.371,0.6850041285045526,1.758714562805723,135.3870936648016,11.189999999999998,3.35339760780334,22.31805666962376,2.695992333709806,0.05652861263664022,21.138841933975534
Slovenia,2009,0.8392622467938926,5.858,0.3470855157557683,1.761381112977716,114.4823010236378,9.990000000000002,3.37219095230103,21.52527456542497,2.903721896845898,-0.08484147480330861,20.714988260018888
Slovenia,2010,1.8011702213713399,7.236,0.3441217644280041,1.81942536718625,128.6065754253625,13.259999999999998,3.39108943939209,22.01801581092092,2.606010291670173,0.009006271302107294,21.04854560025843
Slovenia,2011,1.8028517194190963,8.166,0.410846429519538,2.040872309667719,140.3323557503188,9.340000000000003,3.42607164382935,21.69547003601986,2.56430407884196,0.04696505514100302,21.304418222949014
Slovenia,2012,2.59741386039003,8.841,0.539533452766329,1.826013540872551,143.6564485729754,4.349999999999994,3.44251990318298,21.70205260383478,2.4965098036961946,0.04110151882864166,21.493000107064592
Slovenia,2013,1.7692008588190644,10.103,0.6561559495809597,1.830770821680603,145.1687894324026,2.675600000000003,3.4661545753479,21.89588950910078,2.292832266650482,0.09223965533963252,21.76498737411012
Slovenia,2014,0.19934382657076366,9.668,0.7539786195347803,1.821354897589771,146.4717050967463,4.246299999999991,3.47803258895874,22.03401926997538,2.3389419107776783,0.10364325070258928,21.57578574894897
Slovenia,2015,-0.5255522858208739,8.962,0.935404889593576,1.973611864802132,147.2183677145031,4.7486999999999995,3.51150822639465,22.12242197080051,2.2840363007196,0.1474505427709758,21.941518559430477
Slovenia,2016,-0.05499954167047516,8.0,1.020475904361792,1.851296154977032,148.2384480803875,2.822900000000004,3.53561639785767,22.16347848601291,2.621180026087413,0.09881984084364781,22.295537745943907
Slovenia,2017,1.4291074331930664,6.564,1.042504909778394,1.693036732632066,158.7021358446702,7.29910000000001,3.54288125038147,21.90545992234973,2.560203906463899,0.1367617967891146,21.854014848362304
Slovenia,2018,1.7386086198817985,5.108,1.201068403251982,1.991342962601981,162.6134939758506,6.651300000000006,3.55502223968506,22.03308291779796,2.53251032495948,0.17770890237554937,22.353325796107857
Slovenia,2019,1.6305226075434387,4.446,1.229575086554933,1.770406517057921,160.0442756852487,7.609899999999996,3.56720495223999,21.69926174381527,2.6001441761588424,0.19658492077315515,22.392259487355414
Slovenia,2020,-0.054856815760606636,4.971,1.382531266869381,1.897297141283286,147.5490085849416,7.715899999999991,3.58887028694153,20.48855061198858,2.5890663290094715,0.16140921329409075,22.77666287283524
Slovenia,2021,1.9170650608925976,4.744,1.343299552201355,1.511249543131659,162.0827283564162,9.254000000000005,3.6108181476593,21.61276071962968,2.4151948195926467,0.27720085451211496,22.559403046521012
Slovenia,2022,8.833698867494522,4.011,1.299879729061209,1.710232008177299,186.2195949763103,5.804099999999991,3.63305330276489,21.02074249715817,2.267031362641034,0.3301164616098191,22.459646181491767
Turkey,2000,54.915370581267894,6.495,1.6624460032790611,10.032852654325763,42.35443703901141,3.28769,1.99650061130524,,-0.9072830700252668,-0.23704573485681557,29.032445346012743
Turkey,2001,54.40018876190784,8.381,1.3808955952867112,8.78803796915921,49.87147513879348,4.49048,2.01745104789734,,-1.0029669204759952,-0.5355849082883566,28.747011303613014
Turkey,2002,44.964120947984895,10.358,0.8058303763348833,10.190758557408842,47.98239404875773,9.09,2.03862142562866,,-1.0572790216336145,-0.3602863718491758,29.088957346536866
Turkey,2003,21.602438449057203,10.542,0.23172608407286138,9.795149777983776,46.225097627092325,8.56831,2.06001400947571,,-1.1032197974362306,-0.07080418812882527,29.54032647282686
Turkey,2004,8.598261681152742,10.838,0.19664171646077716,9.327422757843674,48.825838150886476,9.39052,2.08163118362427,,-1.0789665477073342,0.21026526290774328,29.878885494812593
Turkey,2005,8.179160368020021,10.636,0.2701876821432169,9.16534055228687,46.14235705204641,4.08,2.10347485542297,,-0.7733296494530936,0.32165027148233527,30.004864050252095
Turkey,2006,9.597242122884442,10.227,0.3290393915485684,8.094881288228589,48.762871070690714,5.909999999999998,2.12519979476929,,-0.7302682698106279,0.3932618624871793,30.309605416038675
Turkey,2007,8.756180909726318,10.285,0.3076376065935182,7.457027437082266,47.850816748786244,14.049999999999999,2.14714884757996,,-0.4997958376953217,0.5258691160018554,30.55205901752097
Turkey,2008,10.444128376488582,10.965,0.31656859563742923,7.424668468836924,50.54825389516652,18.909999999999997,2.16932463645935,17.502287306222858,-0.11573904549757234,0.5119762164884367,30.952693527255324
Turkey,2009,6.250976630906191,14.026,0.2824626757958045,8.07198879989725,46.78706694676378,18.16,2.19172954559326,18.073934946411395,-0.19006622088407032,0.32067686181384936,30.965557636586873
Turkey,2010,8.566444205529855,11.879,0.23411539699083106,8.966928134333196,46.69446522630848,11.190000000000001,2.2143657207489,18.859020486632012,-0.16911142078215852,0.45440931153650155,31.114964791091037
Turkey,2011,6.471879671150993,9.789,0.2244912998755805,8.173956265225376,53.304175635646835,8.695700000000002,2.24584078788757,18.57091786551871,0.013739766909749467,0.43952302996142834,30.901247860531726
Turkey,2012,8.89156996512115,9.21,0.2136150619160804,7.694877592023171,52.83080265672299,8.730000000000004,2.27776288986206,18.10718163570944,0.14240166413768518,0.4332360671676039,30.430064507193
Turkey,2013,7.493090305477401,9.713,0.1984758557706219,6.676108122978507,52.527298799813835,6.43,2.31013917922974,18.363808102917236,0.27460845634860054,0.4455242206262291,30.685332784073477
Turkey,2014,8.854572713642849,9.901,0.1852099158749819,6.557235473396572,53.76630116625433,7.9716999999999985,2.3429753780365,17.945817047853115,-0.04375830183289921,0.499787933497819,30.97691027233621
Turkey,2015,7.6708536484586975,10.304,0.16209390420821396,6.8683753450583165,51.08854360075517,8.614999999999995,2.37627840042114,18.180780675558847,-0.4343690070205571,0.4892675813755769,31.227327833433016
Turkey,2016,7.775134153283614,10.899,0.1380963136586141,6.142292064038749,48.3281862338973,12.097700000000003,2.4100546836853,18.265587225563294,-0.7890595251770055,0.5611689201267946,31.036968090781286
Turkey,2017,11.144311084076364,10.919,0.12293529061044159,6.038629795689189,55.762168749567955,13.647200000000005,2.44431138038635,17.718157742726056,-1.1025233323093737,0.6024129494130008,31.050380292483204
Turkey,2018,16.332463898893113,10.956,0.14724532344105645,5.791620732493726,62.61421854268452,17.297800000000002,2.47905468940735,17.270074623977255,-1.1274578858707662,0.4881281671926221,30.990532317981092
Turkey,2019,15.17682157200213,13.73,0.11248269984279148,6.401760954592746,63.193292900414534,15.62899999999999,2.51429200172424,16.52438583779887,-1.2717848086358112,0.4927089244701044,30.68467958114201
Turkey,2020,12.278957446257222,13.148,0.11328007748541849,6.669941325311806,61.34375576676526,12.985,2.55002999305725,17.66372302561712,-1.2544223546204165,0.49161413534285003,30.86108567513319
Turkey,2021,19.596492691332458,11.969,0.08855113972014873,5.533753292627179,71.08244396133183,10.3656,2.57585644721985,17.863637365908343,-1.52497372777666,0.6420933149049031,30.4689038350536
Turkey,2022,72.30883598912095,10.465,0.07672647511191343,6.476925813391694,81.170129694525,9.46050000000001,2.59900760650635,16.092071489331943,-1.7170730269363648,0.7492181705606171,30.34102578168226
