ISO code,Country,Variable code,Variable name,1997,1998,1999,2000,2001,2002,2003,2004,2005,2006,2007,2008,2009,2010,2011,2012,2013,2014,2015,2016,2017,2018,2019,2020,2021,2022,2023
AGO,Angola,hc,"Human capital index, based on years of schooling and returns to education; see Human capital in PWT9.",1.24708163738251,1.26348471641541,1.2801034450531,1.29694080352783,1.30848634243011,1.32013463973999,1.33188664913178,1.34374332427979,1.35570561885834,1.36777424812317,1.37995040416718,1.39223492145538,1.40462875366211,1.41713297367096,1.42419624328613,1.43129467964172,1.43842852115631,1.44559788703918,1.45280301570892,1.46004402637482,1.46732115745544,1.4746345281601,1.48198437690735,1.48937082290649,1.50713586807251,1.52565121650696,1.54495549201965
ALB,Albania,hc,"Human capital index, based on years of schooling and returns to education; see Human capital in PWT9.",2.6345043182373,2.68892025947571,2.744460105896,2.8011474609375,2.8150897026062,2.8291015625,2.84318327903748,2.85733485221863,2.87155675888062,2.87803173065186,2.884521484375,2.89102554321289,2.89754462242126,2.90407800674438,2.93933033943176,2.98676872253418,2.98455333709717,2.98233938217163,2.98012733459473,2.9779167175293,2.97570776939392,2.98273301124573,2.98979878425598,2.99690508842468,3.00405287742615,3.0112419128418,3.01847267150879
ARE,United Arab Emirates,hc,"Human capital index, based on years of schooling and returns to education; see Human capital in PWT9.",2.45076894760132,2.51095581054688,2.56848430633545,2.61078405380249,2.62868571281433,2.64671063423157,2.6648588180542,2.6831316947937,2.70152950286865,2.70470285415649,2.70787954330444,2.71106028556824,2.71424436569214,2.71743273735046,2.74564242362976,2.77414512634277,2.80294370651245,2.8320415019989,2.86144089698792,2.89114570617676,3.11606049537659,3.19747185707092,3.23897194862366,3.24693775177002,3.25492286682129,3.29919362068176,3.30434536933899
ARG,Argentina,hc,"Human capital index, based on years of schooling and returns to education; see Human capital in PWT9.",2.63453459739685,2.64206695556641,2.64962077140808,2.65719604492188,2.68300294876099,2.70905995368958,2.73537039756775,2.76193618774414,2.7887601852417,2.7969753742218,2.80521464347839,2.81347823143005,2.82176613807678,2.83007836341858,2.8585422039032,2.88729238510132,2.91633176803589,2.9456627368927,2.97528910636902,3.00521349906921,3.03543877601624,3.06596803665161,3.09680438041687,3.12795066833496,3.13874697685242,3.14963102340698,3.16060328483582
ARM,Armenia,hc,"Human capital index, based on years of schooling and returns to education; see Human capital in PWT9.",3.05200505256653,3.06747436523438,3.08302235603333,3.09864902496338,3.09845232963562,3.09825563430786,3.09805917739868,3.09786248207092,3.09766578674316,3.10037350654602,3.10308337211609,3.10579562187195,3.1085102558136,3.11122751235962,3.12573480606079,3.14553189277649,3.16545414924622,3.18550252914429,3.20567798614502,3.23128962516785,3.12573480606079,3.13544416427612,3.14518332481384,3.15495300292969,3.1577730178833,3.16059851646423,3.16343021392822
AUS,Australia,hc,"Human capital index, based on years of schooling and returns to education; see Human capital in PWT9.",3.49987483024597,3.5127477645874,3.52566766738892,3.53863549232483,3.52751183509827,3.51642346382141,3.50536966323853,3.49435067176819,3.4833664894104,3.472416639328,3.46150135993958,3.45062017440796,3.43977355957031,3.4289608001709,3.44216704368591,3.45542430877686,3.4687328338623,3.48209238052368,3.49550342559814,3.50896620750427,3.52248072624207,3.53604745864868,3.54966616630554,3.56333756446838,3.5980269908905,3.62050604820251,3.60863065719605
AUT,Austria,hc,"Human capital index, based on years of schooling and returns to education; see Human capital in PWT9.",3.07066631317139,3.08604335784912,3.10149765014648,3.11702919006348,3.13323092460632,3.14951682090759,3.16588711738586,3.18234300613403,3.19888401031494,3.21551084518433,3.23222470283508,3.24902486801147,3.26591277122498,3.28288817405701,3.29365229606628,3.30445194244385,3.31528687477112,3.32615733146668,3.33706331253052,3.3480052947998,3.35898303985596,3.36999678611755,3.38104629516602,3.39213252067566,3.41118836402893,3.43048191070557,3.45001626014709
BDI,Burundi,hc,"Human capital index, based on years of schooling and returns to education; see Human capital in PWT9.",1.18430209159851,1.19162034988403,1.19898390769959,1.20639288425446,1.21525037288666,1.22417294979095,1.2331610918045,1.24221515655518,1.25133562088013,1.26052308082581,1.26977801322937,1.27910101413727,1.28849232196808,1.29795265197754,1.31062138080597,1.32341384887695,1.3363311290741,1.34937453269959,1.36254513263702,1.37584447860718,1.38927340507507,1.40283358097076,1.41652607917786,1.43035221099854,1.44758975505829,1.46562254428864,1.48449504375458
BEL,Belgium,hc,"Human capital index, based on years of schooling and returns to education; see Human capital in PWT9.",2.92292714118958,2.93973064422607,2.95663022994995,2.9736270904541,2.99241900444031,3.01132941246033,3.03035950660706,3.04950976371765,3.06878113746643,3.07356929779053,3.07836484909058,3.08316802978516,3.08797860145569,3.09279680252075,3.09899544715881,3.10520648956299,3.11142992973328,3.11766600608826,3.12391448020935,3.13017559051514,3.13644909858704,3.14273524284363,3.14903402328491,3.15534543991089,3.16043567657471,3.16554522514343,3.17067384719849
BEN,Benin,hc,"Human capital index, based on years of schooling and returns to education; see Human capital in PWT9.",1.36385655403137,1.37915360927582,1.39462244510651,1.4102646112442,1.42352223396301,1.4369044303894,1.45041263103485,1.46404767036438,1.47781085968018,1.49318385124207,1.50871670246124,1.52441108226776,1.54026877880096,1.55629146099091,1.59960615634918,1.64412641525269,1.68988573551178,1.73004007339478,1.76620972156525,1.80313551425934,1.84083318710327,1.87931907176971,1.91860961914063,1.95872163772583,1.98621380329132,2.01414346694946,2.04318475723267
BFA,Burkina Faso,hc,"Human capital index, based on years of schooling and returns to education; see Human capital in PWT9.",1.05733823776245,1.06136059761047,1.06539833545685,1.06945133209229,1.07874643802643,1.08812236785889,1.09757959842682,1.10711920261383,1.11674165725708,1.1264476776123,1.13623821735382,1.14611375331879,1.15607511997223,1.16612303256989,1.17889547348022,1.1918078660965,1.20486176013947,1.21805846691132,1.23139977455139,1.24488723278046,1.25852251052856,1.27230703830719,1.28624248504639,1.3003306388855,1.31342136859894,1.34470093250275,1.37952566146851
BGD,Bangladesh,hc,"Human capital index, based on years of schooling and returns to education; see Human capital in PWT9.",1.5882396697998,1.60527288913727,1.62248873710632,1.63988935947418,1.66190958023071,1.68422555923462,1.70684111118317,1.72466349601746,1.74209010601044,1.76760101318359,1.79348564147949,1.81974923610687,1.84639751911163,1.87343597412109,1.89753115177155,1.92193627357483,1.9466552734375,1.9716922044754,1.99705111980438,2.02273631095886,2.04875159263611,2.07510161399841,2.10179042816162,2.12882280349731,2.07164478302002,2.1118311882019,2.15412998199463
BGR,Bulgaria,hc,"Human capital index, based on years of schooling and returns to education; see Human capital in PWT9.",2.85403776168823,2.86988592147827,2.88582158088684,2.90184617042542,2.91945862770081,2.93717789649963,2.95500469207764,2.97293972969055,2.99098372459412,3.00913739204407,3.02740073204041,3.04577541351318,3.06426119804382,3.0828595161438,3.09415435791016,3.10549068450928,3.11686825752258,3.12828779220581,3.1397488117218,3.15125203132629,3.16279745101929,3.17438507080078,3.18601512908936,3.19768786430359,3.21906208992004,3.24076652526855,3.26280808448792
BHR,Bahrain,hc,"Human capital index, based on years of schooling and returns to education; see Human capital in PWT9.",2.27832508087158,2.29932284355164,2.32051396369934,2.34190058708191,2.33037757873535,2.31891107559204,2.30750107765198,2.29614734649658,2.28484916687012,2.28080487251282,2.27676749229431,2.27273750305176,2.268714427948,2.26469850540161,2.30664491653442,2.34936833381653,2.39288306236267,2.43720364570618,2.48234534263611,2.52832293510437,2.5783224105835,2.71675133705139,2.75606608390808,2.79594969749451,2.80802702903748,2.82015657424927,2.81691694259644
BLZ,Belize,hc,"Human capital index, based on years of schooling and returns to education; see Human capital in PWT9.",2.83840155601501,2.87630391120911,2.91471219062805,2.95363330841064,2.98325705528259,3.0131778717041,3.04339909553528,3.07392311096191,3.10475325584412,3.13652086257935,3.16861343383789,3.20103430747986,3.23378705978394,3.26687455177307,3.19089961051941,3.11669135093689,3.04420876502991,2.97341203689575,2.90426158905029,2.90106010437012,2.89786219596863,2.89466762542725,2.89147663116455,2.88828921318054,2.86932563781738,2.89482998847961,2.9209086894989
BOL,Bolivia (Plurinational State of),hc,"Human capital index, based on years of schooling and returns to education; see Human capital in PWT9.",2.38829016685486,2.42192125320435,2.45602583885193,2.4906108379364,2.51987934112549,2.54949164390564,2.57307386398315,2.59339308738709,2.61387252807617,2.63451361656189,2.65531778335571,2.67628622055054,2.69742035865784,2.71872138977051,2.7451503276825,2.77183604240418,2.7987813949585,2.82598876953125,2.85346055030823,2.88119912147522,2.90920758247376,2.93748831748962,2.96604371070862,2.99487709999084,3.02450704574585,3.05485272407532,3.08593535423279
BRA,Brazil,hc,"Human capital index, based on years of schooling and returns to education; see Human capital in PWT9.",1.932581782341,1.96940386295319,2.0069272518158,2.04516577720642,2.08590292930603,2.12745189666748,2.16982817649841,2.21304869651794,2.25713014602661,2.29880857467651,2.34125638008118,2.38448834419251,2.42851853370667,2.47336173057556,2.5608959197998,2.62187433242798,2.68430471420288,2.74822163581848,2.81366038322449,2.8806574344635,2.94924998283386,3.01947546005249,3.09137320518494,3.16498303413391,3.22658061981201,3.29099345207214,3.35838437080383
BRB,Barbados,hc,"Human capital index, based on years of schooling and returns to education; see Human capital in PWT9.",2.68411016464233,2.68323087692261,2.68235182762146,2.68147325515747,2.69999504089355,2.7186450958252,2.73742389678955,2.75633239746094,2.77537131309509,2.78029942512512,2.785236120224,2.79018187522888,2.79513621330261,2.80009937286377,2.80511355400085,2.81015086174011,2.81521153450012,2.82029557228088,2.82540321350098,2.83053469657898,2.83569002151489,2.84086918830872,2.84607243537903,2.85130000114441,2.85655212402344,2.86182856559753,2.86712980270386
BRN,Brunei Darussalam,hc,"Human capital index, based on years of schooling and returns to education; see Human capital in PWT9.",2.58694696426392,2.59504699707031,2.60317277908325,2.61132383346558,2.61798334121704,2.6246600151062,2.63135361671448,2.63806438446045,2.64479231834412,2.65514659881592,2.66554164886475,2.6759774684906,2.68645405769348,2.69697141647339,2.72146034240723,2.73249530792236,2.74364900588989,2.75492358207703,2.76632022857666,2.77784085273743,2.78948664665222,2.80125975608826,2.81316184997559,2.82519459724426,2.83735990524292,2.84965920448303,2.86209464073181
BWA,Botswana,hc,"Human capital index, based on years of schooling and returns to education; see Human capital in PWT9.",2.33044576644897,2.37315845489502,2.41665434837341,2.46094727516174,2.494708776474,2.52893304824829,2.56243538856506,2.58605027198792,2.60988306999207,2.6307475566864,2.65177893638611,2.67297863960266,2.69434762001038,2.71588730812073,2.73850703239441,2.76163005828857,2.78527045249939,2.80944228172302,2.83416080474854,2.85944128036499,2.88529968261719,2.91175222396851,2.93881607055664,2.96650910377502,2.99484920501709,3.02385544776917,3.05354738235474
CAF,Central African Republic,hc,"Human capital index, based on years of schooling and returns to education; see Human capital in PWT9.",1.35271322727203,1.36750674247742,1.38246190547943,1.397580742836,1.40450119972229,1.41145586967468,1.41844499111176,1.42546880245209,1.43252730369568,1.4396208524704,1.44674944877625,1.4539133310318,1.46111273765564,1.46834778785706,1.47843062877655,1.48858284950256,1.49880468845367,1.50909674167633,1.51945948600769,1.52989339828491,1.54039895534515,1.55097663402557,1.56162703037262,1.57235038280487,1.58224356174469,1.59233725070953,1.60263669490814
CAN,Canada,hc,"Human capital index, based on years of schooling and returns to education; see Human capital in PWT9.",3.43863916397095,3.46032452583313,3.48214673995972,3.50410676002502,3.51891613006592,3.53378772735596,3.54872250556946,3.56372046470642,3.57878160476685,3.59390640258789,3.60909533500671,3.62434840202332,3.6396656036377,3.65504789352417,3.66232514381409,3.66961669921875,3.67692279815674,3.68424344062805,3.69157862663269,3.69892859458923,3.7062931060791,3.7136721611023,3.72106599807739,3.72847461700439,3.73541975021362,3.75202083587647,3.76877570152283
CHE,Switzerland,hc,"Human capital index, based on years of schooling and returns to education; see Human capital in PWT9.",3.50874423980713,3.51529979705811,3.5218677520752,3.52844762802124,3.53894829750061,3.54948043823242,3.56004357337952,3.57063841819763,3.58126473426819,3.59192276000977,3.60261249542236,3.6133337020874,3.62408709526062,3.63487243652344,3.64234471321106,3.64983224868774,3.65733528137207,3.66485381126404,3.67238759994507,3.67993688583374,3.68750190734863,3.69508242607117,3.70267844200134,3.71028995513916,3.72179746627808,3.73337984085083,3.74503779411316
CHL,Chile,hc,"Human capital index, based on years of schooling and returns to education; see Human capital in PWT9.",2.7402708530426,2.75564479827881,2.77110481262207,2.7866518497467,2.80529260635376,2.82405781745911,2.84294891357422,2.8619658946991,2.88111042976379,2.90038323402405,2.91978454589844,2.93931579589844,2.95897746086121,2.97877097129822,2.9968798160553,3.01509833335876,3.03342795372009,3.05186891555786,3.07042193412781,3.08908796310425,3.10786700248718,3.12676072120667,3.14576888084412,3.16489291191101,3.18922209739685,3.21398735046387,3.23919916152954
CHN,China,hc,"Human capital index, based on years of schooling and returns to education; see Human capital in PWT9.",2.20661544799805,2.24169540405273,2.27733302116394,2.31353735923767,2.32968354225159,2.34594249725342,2.36231517791748,2.37880182266235,2.39540362358093,2.40445852279663,2.41354775428772,2.4226713180542,2.43182945251465,2.44102191925049,2.47546982765198,2.51040363311768,2.54583048820496,2.57462215423584,2.59902787208557,2.62366509437561,2.64853596687317,2.67364239692688,2.69898700714111,2.7245717048645,2.73290514945984,2.74130630493164,2.74977564811707
CIV,Côte d'Ivoire,hc,"Human capital index, based on years of schooling and returns to education; see Human capital in PWT9.",1.38016951084137,1.39567184448242,1.41134834289551,1.42720079421997,1.43718838691711,1.44724583625793,1.45737361907959,1.46757233142853,1.47784245014191,1.4881843328476,1.49859869480133,1.50908589363098,1.51964640617371,1.53028094768524,1.54781758785248,1.56555509567261,1.58349585533142,1.601642370224,1.61999678611755,1.63856148719788,1.65733885765076,1.67633152008057,1.6955418586731,1.71353816986084,1.71744728088379,1.73017752170563,1.7432347536087
CMR,Cameroon,hc,"Human capital index, based on years of schooling and returns to education; see Human capital in PWT9.",1.6767795085907,1.70033299922943,1.72049605846405,1.73868060112,1.75137519836426,1.7641624212265,1.77704298496246,1.79001760482788,1.80308699607849,1.81625187397003,1.82951271533966,1.84287047386169,1.85632574558258,1.86987924575806,1.87274312973022,1.8756115436554,1.87848424911499,1.8813613653183,1.88424289226532,1.88712894916534,1.89001929759979,1.89291405677795,1.89581322669983,1.89871692657471,1.91430938243866,1.93028342723846,1.94665050506592
COD,D.R. of the Congo,hc,"Human capital index, based on years of schooling and returns to education; see Human capital in PWT9.",1.50841009616852,1.52318060398102,1.53809583187103,1.55315709114075,1.56119608879089,1.56927669048309,1.57739913463593,1.58556365966797,1.5937705039978,1.59951412677765,1.60527849197388,1.61106359958649,1.61686956882477,1.62269639968872,1.63658380508423,1.65058994293213,1.66471600532532,1.70311319828033,1.73415064811707,1.76421427726746,1.78063941001892,1.79721748828888,1.80343377590179,1.80971920490265,1.81607437133789,1.8225005865097,1.82899856567383
COG,Congo,hc,"Human capital index, based on years of schooling and returns to education; see Human capital in PWT9.",1.9315459728241,1.94659829139709,1.9617680311203,1.97705602645874,1.98404741287231,1.99106359481812,1.99810445308685,2.0051703453064,2.01226115226746,2.0145583152771,2.01685833930969,2.01916074752808,2.02146577835083,2.02377367019653,2.04913234710693,2.07480883598328,2.10080718994141,2.12713122367859,2.15378499031067,2.15652751922607,2.15927910804749,2.1620397567749,2.16480922698975,2.16758799552918,2.17037606239319,2.17317295074463,2.17597937583923
COL,Colombia,hc,"Human capital index, based on years of schooling and returns to education; see Human capital in PWT9.",2.0872631072998,2.11220407485962,2.13744306564331,2.16298365592957,2.18431115150452,2.20584893226624,2.22759914398193,2.24956393241882,2.27174520492554,2.29414510726929,2.31676602363586,2.3396098613739,2.36267900466919,2.38597559928894,2.41068816184998,2.43565678596497,2.46088433265686,2.48637270927429,2.51212525367737,2.53814482688904,2.5629780292511,2.58082032203674,2.59878706932068,2.61687898635864,2.63825917243958,2.6601254940033,2.68249130249023
CRI,Costa Rica,hc,"Human capital index, based on years of schooling and returns to education; see Human capital in PWT9.",2.38212728500366,2.39605975151062,2.41007351875305,2.42416906356812,2.44833302497864,2.47273755073547,2.49738550186157,2.52227926254272,2.54742097854614,2.5419225692749,2.53643584251404,2.53096103668213,2.52549815177918,2.5200469493866,2.54592204093933,2.56810927391052,2.5858325958252,2.60367846488953,2.62164735794067,2.63974022865295,2.65795803070068,2.67630171775818,2.6947717666626,2.71336936950684,2.70895266532898,2.70455527305603,2.70017671585083
CYP,Cyprus,hc,"Human capital index, based on years of schooling and returns to education; see Human capital in PWT9.",2.47439980506897,2.49943327903748,2.52471995353699,2.55026268959045,2.5698447227478,2.58636069297791,2.60298323631287,2.61971235275269,2.63654899597168,2.65349388122559,2.67054772377014,2.68771100044251,2.70498490333557,2.72236943244934,2.74201726913452,2.76180696487427,2.7817394733429,2.80181574821472,2.82203698158264,2.84240436553955,2.86291837692261,2.88358068466187,2.90439200401306,2.92535352706909,2.94772386550903,2.97051954269409,2.99375128746033
CZE,Czechia,hc,"Human capital index, based on years of schooling and returns to education; see Human capital in PWT9.",3.45362114906311,3.49318885803223,3.53320980072022,3.57368922233582,3.58205246925354,3.59043526649475,3.59883761405945,3.60725975036621,3.61570143699646,3.61983227729797,3.62396788597107,3.62810850143433,3.63225340843201,3.63640332221985,3.65747833251953,3.67071223258972,3.69198608398438,3.70266890525818,3.71070146560669,3.72951197624207,3.74300670623779,3.75383734703064,3.76469922065735,3.76918435096741,3.77368021011353,3.77818751335144,3.78270554542542
DEU,Germany,hc,"Human capital index, based on years of schooling and returns to education; see Human capital in PWT9.",3.52494621276855,3.53868365287781,3.55247449874878,3.56631898880005,3.57492637634277,3.58355450630188,3.59220337867737,3.60087323188782,3.60956406593323,3.61827564239502,3.62700843811035,3.63576221466064,3.64453721046448,3.65333318710327,3.65577626228333,3.65822052955627,3.66066670417786,3.66311454772949,3.66556406021118,3.66801500320435,3.67046761512756,3.67292213439941,3.67537784576416,3.67783570289612,3.68691277503967,3.69603681564331,3.70520830154419
DNK,Denmark,hc,"Human capital index, based on years of schooling and returns to education; see Human capital in PWT9.",3.24084973335266,3.26083564758301,3.28094434738159,3.30117750167847,3.31471872329712,3.32831573486328,3.34196853637695,3.35567712783813,3.36944198608398,3.38326358795166,3.39714169502258,3.41107678413391,3.42506909370422,3.43911862373352,3.45655488967896,3.47407937049866,3.49169301986694,3.50939559936523,3.52718830108643,3.54507112503052,3.56304430961609,3.58110880851746,3.5992648601532,3.61751317977905,3.63368630409241,3.65001320838928,3.66649580001831
DOM,Dominican Republic,hc,"Human capital index, based on years of schooling and returns to education; see Human capital in PWT9.",2.08969044685364,2.11248421669006,2.13552641868591,2.15881991386414,2.17516422271729,2.19163250923157,2.20822525024414,2.2249436378479,2.24178862571716,2.27710962295532,2.31298732757568,2.34943008422852,2.38644695281982,2.42404723167419,2.47031021118164,2.51745581626892,2.56369662284851,2.59653639793396,2.62979674339294,2.66348338127136,2.69760131835938,2.73215627670288,2.76715397834778,2.80260014533997,2.84226489067078,2.88338804244995,2.92603707313538
DZA,Algeria,hc,"Human capital index, based on years of schooling and returns to education; see Human capital in PWT9.",1.7806990146637,1.81483399868011,1.84962320327759,1.88507950305939,1.90001463890076,1.91506826877594,1.93024098873138,1.94553411006928,1.96094822883606,1.97648453712463,1.99214398860931,2.00792741775513,2.02383589744568,2.03987050056458,2.07550859451294,2.11176919937134,2.14866352081299,2.18620228767395,2.22439670562744,2.26325869560242,2.30279946327209,2.34303092956543,2.38396549224854,2.42561507225037,2.45266890525818,2.48042869567871,2.50891828536987
ECU,Ecuador,hc,"Human capital index, based on years of schooling and returns to education; see Human capital in PWT9.",2.37987112998962,2.40419411659241,2.42876577377319,2.45358872413635,2.48427653312683,2.51534819602966,2.54680848121643,2.57254362106323,2.59416246414185,2.61596298217773,2.63794684410095,2.66011524200439,2.68247008323669,2.70501255989075,2.71133708953857,2.71767663955688,2.7240309715271,2.73040008544922,2.73678398132324,2.74318289756775,2.74959659576416,2.75602555274963,2.76246953010559,2.76892852783203,2.8261821269989,2.79839634895325,2.82538056373596
EGY,Egypt,hc,"Human capital index, based on years of schooling and returns to education; see Human capital in PWT9.",1.8786506652832,1.90704917907715,1.93587708473206,1.96514070034027,2.00113081932068,2.03778004646301,2.07510042190552,2.11310434341431,2.15180444717407,2.19121313095093,2.2313437461853,2.27220916748047,2.31382298469543,2.35619902610779,2.39559030532837,2.43564009666443,2.47635960578918,2.51775979995728,2.5598521232605,2.58862996101379,2.61768794059753,2.64707231521606,2.67678642272949,2.70683407783508,2.75470471382141,2.80485892295837,2.85743236541748
ESP,Spain,hc,"Human capital index, based on years of schooling and returns to education; see Human capital in PWT9.",2.58531641960144,2.6019115447998,2.61861324310303,2.63542246818543,2.65172410011292,2.66812658309937,2.68463063240051,2.70123672485352,2.71794581413269,2.73475813865662,2.75167417526245,2.76869511604309,2.78582119941711,2.80305314064026,2.82275176048279,2.84258842468262,2.8625648021698,2.88268136978149,2.90293955802918,2.92333984375,2.94388365745544,2.96457171440125,2.9854052066803,3.00638508796692,3.02822971343994,3.05045986175537,3.07308387756348
EST,Estonia,hc,"Human capital index, based on years of schooling and returns to education; see Human capital in PWT9.",3.13711285591126,3.19125413894653,3.24632954597473,3.30235552787781,3.31723690032959,3.33218550682068,3.34720134735107,3.36228489875793,3.37743639945984,3.39626121520996,3.41519117355347,3.43422651290894,3.4533679485321,3.47261595726013,3.48813080787659,3.49925565719605,3.51936936378479,3.49702787399292,3.50818061828613,3.5126519203186,3.52385497093201,3.54636764526367,3.53396797180176,3.52161145210266,3.54196763038635,3.56257843971252,3.5834481716156
ETH,Ethiopia,hc,"Human capital index, based on years of schooling and returns to education; see Human capital in PWT9.",1.15370106697083,1.16553390026093,1.17748808860779,1.1895649433136,1.1984555721283,1.20741271972656,1.21643686294556,1.22552835941315,1.23468780517578,1.24391579627991,1.25321269035339,1.26257908344269,1.27201545238495,1.28152239322662,1.29974734783173,1.3182315826416,1.33697867393494,1.35599231719971,1.37527632713318,1.39483463764191,1.41467106342316,1.43478965759277,1.45519435405731,1.47588920593262,1.49691438674927,1.51901984214783,1.54227304458618
FIN,Finland,hc,"Human capital index, based on years of schooling and returns to education; see Human capital in PWT9.",3.07915759086609,3.09656238555908,3.11406540870667,3.13166737556458,3.15149402618408,3.17144656181335,3.19152498245239,3.21173048019409,3.23206400871277,3.25252652168274,3.27311825752258,3.2938404083252,3.31469392776489,3.33567929267883,3.35402321815491,3.37246775627136,3.39101386070251,3.40966200828552,3.42841267585754,3.44726634025574,3.46622395515442,3.48528575897217,3.50445199012756,3.52372407913208,3.54863691329956,3.57393145561218,3.59961485862732
FJI,Fiji,hc,"Human capital index, based on years of schooling and returns to education; see Human capital in PWT9.",2.35244703292847,2.37551426887512,2.39880776405334,2.42232966423035,2.44286012649536,2.46356463432312,2.4844446182251,2.50550127029419,2.52673673629761,2.54815196990967,2.56655335426331,2.58117866516113,2.59588718414307,2.61067938804626,2.62062859535217,2.63061547279358,2.64064025878906,2.65070343017578,2.66080498695374,2.6709451675415,2.68112397193909,2.69134140014648,2.70159769058228,2.71189308166504,2.70178723335266,2.71910119056702,2.73671317100525
FRA,France,hc,"Human capital index, based on years of schooling and returns to education; see Human capital in PWT9.",2.86422419548035,2.87335228919983,2.88250946998596,2.89169573783875,2.90776181221008,2.92391729354858,2.94016242027283,2.95649790763855,2.97292399406433,2.98944115638733,3.00605034828186,3.0227518081665,3.039546251297,3.05643367767334,3.07526326179504,3.09420895576477,3.11327147483826,3.13245129585266,3.15174913406372,3.17116594314575,3.19070243835449,3.21035933494568,3.23013734817505,3.25003695487976,3.27051472663879,3.29128694534302,3.31235980987549
GAB,Gabon,hc,"Human capital index, based on years of schooling and returns to education; see Human capital in PWT9.",2.00678539276123,2.04470276832581,2.08333659172058,2.12270069122314,2.15596961975098,2.18976020812988,2.22408032417297,2.25893831253052,2.29434251785278,2.32480835914612,2.35567855834961,2.38695883750916,2.41865420341492,2.45077061653137,2.51047468185425,2.56782054901123,2.60977125167847,2.65240740776062,2.69573998451233,2.73978066444397,2.78454089164734,2.83003211021423,2.87626695632935,2.92325663566589,2.95950388908386,2.99687314033508,3.03540754318237
GBR,United Kingdom,hc,"Human capital index, based on years of schooling and returns to education; see Human capital in PWT9.",3.41278648376465,3.4447546005249,3.47702193260193,3.50959134101868,3.52848124504089,3.54747271537781,3.56656646728516,3.5857629776001,3.60506272315979,3.62446665763855,3.64397478103638,3.66358780860901,3.68330645561218,3.70313143730164,3.7108952999115,3.71867561340332,3.72647213935852,3.7342848777771,3.74211430549622,3.74996018409729,3.75782227516174,3.76570081710815,3.7735960483551,3.78150773048401,3.80263948440552,3.82441544532776,3.84644913673401
GHA,Ghana,hc,"Human capital index, based on years of schooling and returns to education; see Human capital in PWT9.",2.05969095230103,2.07918477058411,2.09886288642883,2.11872744560242,2.13079261779785,2.14292621612549,2.15512919425964,2.16740155220032,2.17974352836609,2.19539880752563,2.21116662025452,2.22704744338989,2.24304246902466,2.25915217399597,2.28744721412659,2.31609654426575,2.34510469436646,2.37447643280029,2.40421557426453,2.43432760238647,2.46481657028198,2.49568748474121,2.52694487571716,2.55859398841858,2.60027527809143,2.64216780662537,2.65867567062378
GMB,Gambia,hc,"Human capital index, based on years of schooling and returns to education; see Human capital in PWT9.",1.28521621227264,1.29173839092255,1.29829359054565,1.30488216876984,1.31815922260284,1.33157134056091,1.34511995315552,1.35880637168884,1.37263214588165,1.38935422897339,1.40628004074097,1.42341208457947,1.44075286388397,1.45830476284027,1.47172296047211,1.48526442050934,1.49893069267273,1.51272261142731,1.52664136886597,1.47896468639374,1.432776927948,1.38803148269653,1.4111213684082,1.43459534645081,1.45314717292786,1.47261238098145,1.49304556846619
GRC,Greece,hc,"Human capital index, based on years of schooling and returns to education; see Human capital in PWT9.",2.67092108726501,2.69021129608154,2.70964097976685,2.72921085357666,2.74976444244385,2.77047252655029,2.79133677482605,2.81235814094543,2.83353781700134,2.85487699508667,2.87637662887573,2.89803862571716,2.9198637008667,2.94185280799866,2.96274542808533,2.98378658294678,3.00497674942017,3.02631759643555,3.04781031608582,3.06945538520813,3.09125423431397,3.11320781707764,3.13531756401062,3.15758395195007,3.18556451797485,3.21412491798401,3.24328017234802
GTM,Guatemala,hc,"Human capital index, based on years of schooling and returns to education; see Human capital in PWT9.",1.60785043239594,1.62221384048462,1.63670551776886,1.65132653713226,1.64411735534668,1.63693964481354,1.62979328632355,1.62267804145813,1.61559391021729,1.64715230464935,1.67932713031769,1.71139764785767,1.7365345954895,1.76204073429108,1.78243923187256,1.80307400226593,1.82394754886627,1.84506285190582,1.86642253398895,1.8880295753479,1.90988659858704,1.93199682235718,1.9543628692627,1.97698783874512,1.98757970333099,1.99822843074799,2.0405638217926
GUY,Guyana,hc,"Human capital index, based on years of schooling and returns to education; see Human capital in PWT9.",2.37705087661743,2.39620018005371,2.41550350189209,2.43496227264404,2.45191597938538,2.46898770332336,2.48617839813232,2.50348877906799,2.52091956138611,2.53847193717957,2.55614638328552,2.56937336921692,2.58140420913696,2.59349131584168,2.60548853874207,2.61754107475281,2.62964940071106,2.6418137550354,2.65403413772583,2.66631126403809,2.67864513397217,2.69103598594666,2.70348429679871,2.7159903049469,2.73044109344482,2.7450966835022,2.75996112823486
HKG,"China, Hong Kong SAR",hc,"Human capital index, based on years of schooling and returns to education; see Human capital in PWT9.",2.69688725471497,2.69882011413574,2.70075416564941,2.70268964767456,2.77382469177246,2.84683156013489,2.92176032066345,2.99866104125977,3.07758593559265,3.09046745300293,3.10340285301209,3.1163923740387,3.12943625450134,3.1425347328186,3.18828988075256,3.20649719238281,3.22480845451355,3.24322390556335,3.27319478988647,3.28936433792114,3.30561375617981,3.31213593482971,3.31867098808289,3.32740449905396,3.33616089820862,3.34494066238403,3.36037015914917
HND,Honduras,hc,"Human capital index, based on years of schooling and returns to education; see Human capital in PWT9.",1.84706556797028,1.85870146751404,1.87041056156158,1.88219344615936,1.89981329441071,1.91759788990021,1.9355491399765,1.95366847515106,1.97195732593536,1.99041736125946,2.0090503692627,2.02785754203796,2.04684090614319,2.06600213050842,2.1043074131012,2.14332270622253,2.18306159973145,2.22353744506836,2.26476335525513,2.30675411224365,2.34952306747437,2.39308500289917,2.43745470046997,2.48264694213867,2.51610469818115,2.55060124397278,2.57758903503418
HRV,Croatia,hc,"Human capital index, based on years of schooling and returns to education; see Human capital in PWT9.",2.84233951568604,2.86473393440247,2.88730502128601,2.91005373001099,2.9377019405365,2.96561288833618,2.99378895759583,3.0222327709198,3.05094695091248,3.0858302116394,3.12111258506775,3.15679836273193,3.19289207458496,3.22939848899841,3.25704503059387,3.29645562171936,3.33695793151855,3.37859010696411,3.42139172554016,3.46540403366089,3.51066994667053,3.55723476409912,3.60514545440674,3.65444993972778,3.70520043373108,3.75744962692261,3.81125354766846
HTI,Haiti,hc,"Human capital index, based on years of schooling and returns to education; see Human capital in PWT9.",1.45752346515656,1.47374522686005,1.4901477098465,1.50673270225525,1.51706457138062,1.52746725082397,1.53794133663178,1.54848718643188,1.55910539627075,1.56979632377625,1.5805606842041,1.59139883518219,1.60231125354767,1.6132984161377,1.63031017780304,1.64750123023987,1.6648736000061,1.68242919445038,1.70016980171204,1.71589124202728,1.72951126098633,1.74072194099426,1.75218117237091,1.7638955116272,1.77587223052979,1.78811812400818,1.80064070224762
HUN,Hungary,hc,"Human capital index, based on years of schooling and returns to education; see Human capital in PWT9.",2.91364741325378,2.92971849441528,2.94587802886963,2.96212720870972,2.99198865890503,3.02215147018433,3.05261826515198,3.08339214324951,3.11447620391846,3.14587378501892,3.17758798599243,3.20962166786194,3.24197840690613,3.27466106414795,3.29019379615784,3.30580043792725,3.32148098945618,3.33723592758179,3.35306549072266,3.36897015571594,3.3849503993988,3.40100622177124,3.41713857650757,3.43334698677063,3.47287368774414,3.51340484619141,3.55497288703918
IDN,Indonesia,hc,"Human capital index, based on years of schooling and returns to education; see Human capital in PWT9.",2.09417247772217,2.1242368221283,2.15473294258118,2.18566656112671,2.20774579048157,2.23004794120789,2.25257539749146,2.27533054351807,2.29831528663635,2.32153272628784,2.34498429298401,2.3686728477478,2.39260053634644,2.41677021980286,2.40213108062744,2.38758063316345,2.37311816215515,2.35874342918396,2.34445571899414,2.33025455474854,2.31613945960999,2.30210971832275,2.28816509246826,2.27430486679077,2.29713678359985,2.32053375244141,2.34451293945313
IND,India,hc,"Human capital index, based on years of schooling and returns to education; see Human capital in PWT9.",1.68037557601929,1.71839702129364,1.74994456768036,1.782071352005,1.79678165912628,1.81161344051361,1.82656764984131,1.84164524078369,1.85684728622437,1.87820076942444,1.89979958534241,1.9216468334198,1.94374537467957,1.96609807014465,1.98789155483246,2.00992655754089,2.03220582008362,2.05473208427429,2.07750797271729,2.10053634643555,2.12382006645203,2.14736175537109,2.17116451263428,2.19523119926453,2.2041015625,2.21300768852234,2.28326201438904
IRL,Ireland,hc,"Human capital index, based on years of schooling and returns to education; see Human capital in PWT9.",2.81754207611084,2.83041858673096,2.84335374832153,2.85634803771973,2.87343239784241,2.89061880111694,2.90790796279907,2.92530059814453,2.94279718399048,2.96039843559265,2.97810506820679,2.99591755867004,3.01383638381958,3.03186273574829,3.04856276512146,3.06535458564758,3.08223915100098,3.09921646118164,3.11628746986389,3.13345241546631,3.15071201324463,3.16806674003601,3.18551683425903,3.20306324958801,3.22471332550049,3.24670171737671,3.26903486251831
IRN,Iran (Islamic Republic of),hc,"Human capital index, based on years of schooling and returns to education; see Human capital in PWT9.",1.61166965961456,1.64223754405975,1.67338514328003,1.70512354373932,1.74374103546143,1.78219604492188,1.8214989900589,1.86166882514954,1.90272438526154,1.94468533992767,1.98757183551788,2.0314040184021,2.07620286941528,2.12198948860168,2.16269493103027,2.204181432724,2.24646353721619,2.28955674171448,2.33347654342651,2.37823891639709,2.4238600730896,2.47035622596741,2.51774430274963,2.56405973434448,2.62676119804382,2.69387650489807,2.76579475402832
IRQ,Iraq,hc,"Human capital index, based on years of schooling and returns to education; see Human capital in PWT9.",1.80117309093475,1.83316993713379,1.86573529243469,1.89887917041779,1.92977476119995,1.96117305755615,1.99308228492737,2.02551054954529,2.05846643447876,2.08105945587158,2.10390043258667,2.12699198722839,2.15033721923828,2.17393851280212,2.18642210960388,2.19897723197937,2.21160459518433,2.22430443763733,2.23707699775696,2.24992322921753,2.26284313201904,2.27583694458008,2.28890585899353,2.30204939842224,2.33107471466064,2.36099410057068,2.39184212684631
ISL,Iceland,hc,"Human capital index, based on years of schooling and returns to education; see Human capital in PWT9.",2.76570415496826,2.78520464897156,2.80484247207642,2.82461881637573,2.84747433662415,2.87051486968994,2.89374184608459,2.917156457901,2.94076085090637,2.96282052993774,2.98504543304443,3.00743722915649,3.02999687194824,3.05272579193115,3.06807589530945,3.08350300788879,3.09900784492493,3.11459064483643,3.13025188446045,3.145991563797,3.16181087493897,3.17770957946777,3.193687915802,3.20081543922424,3.22724366188049,3.25417709350586,3.28162717819214
ISR,Israel,hc,"Human capital index, based on years of schooling and returns to education; see Human capital in PWT9.",3.26141881942749,3.27905488014221,3.29678606987,3.31461334228516,3.32587480545044,3.3371741771698,3.34851217269897,3.35988879203796,3.37130379676819,3.40424275398254,3.43750333786011,3.47108888626099,3.50500273704529,3.53924798965454,3.56390762329102,3.58624792098999,3.61374354362488,3.64397883415222,3.65411353111267,3.69244050979614,3.7316210269928,3.77167916297913,3.81263899803162,3.85452651977539,3.89736795425415,3.94119048118591,3.98602294921875
ITA,Italy,hc,"Human capital index, based on years of schooling and returns to education; see Human capital in PWT9.",2.70505213737488,2.72706627845764,2.74925971031189,2.77163362503052,2.79335689544678,2.81525039672852,2.83731555938721,2.85955357551575,2.88196587562561,2.90455389022827,2.92731904983521,2.95026254653931,2.97338581085205,2.99669027328491,3.01423954963684,3.03189158439636,3.04964733123779,3.06750679016113,3.08547067642212,3.10353994369507,3.12171483039856,3.13999652862549,3.15838503837585,3.17688131332397,3.20566248893738,3.23505067825317,3.26506185531616
JAM,Jamaica,hc,"Human capital index, based on years of schooling and returns to education; see Human capital in PWT9.",2.50786328315735,2.52972459793091,2.55177640914917,2.56942510604858,2.56777834892273,2.56613254547119,2.56448793411255,2.5628445148468,2.56120181083679,2.55935621261597,2.55692028999329,2.5544867515564,2.55205535888672,2.54962635040283,2.55723929405212,2.56327486038208,2.56842541694641,2.57358622550964,2.57875728607178,2.58393883705139,2.58913064002991,2.59433317184448,2.59954595565796,2.60476922988892,2.6257164478302,2.64683246612549,2.64503479003906
JOR,Jordan,hc,"Human capital index, based on years of schooling and returns to education; see Human capital in PWT9.",2.34077191352844,2.38910508155823,2.43843603134155,2.48878574371338,2.52800011634827,2.56526470184326,2.59240794181824,2.61983871459961,2.64755964279175,2.67355275154114,2.69980120658875,2.72630739212036,2.75307369232178,2.78010272979736,2.79340982437134,2.80678057670593,2.82021546363831,2.83371472358704,2.84727835655212,2.86090707778931,2.87460112571716,2.88836050033569,2.90218591690063,2.91607737541199,2.9029369354248,2.88985562324524,2.87683320045471
JPN,Japan,hc,"Human capital index, based on years of schooling and returns to education; see Human capital in PWT9.",3.29470300674438,3.31172680854797,3.32883858680725,3.34603881835938,3.36086773872376,3.37576270103455,3.39072346687317,3.40575051307678,3.42084431648254,3.43600463867188,3.45123267173767,3.46652793884277,3.48189091682434,3.49732208251953,3.50793290138245,3.51857590675354,3.52925133705139,3.53995895385742,3.55069923400879,3.56147217750549,3.57227778434753,3.58311605453491,3.59398722648621,3.60489130020142,3.62192320823669,3.63912701606751,3.6565043926239
KAZ,Kazakhstan,hc,"Human capital index, based on years of schooling and returns to education; see Human capital in PWT9.",2.88419008255005,2.93209409713745,2.98079371452332,3.03030228614807,3.08271479606628,3.1360342502594,3.1902756690979,3.24545550346375,3.30158948898315,3.28716969490051,3.27281308174133,3.25851893424988,3.24428749084473,3.23011779785156,3.26728224754334,3.30487442016602,3.34289908409119,3.38136124610901,3.42026591300964,3.43712115287781,3.45405912399292,3.4710807800293,3.45479321479797,3.43867182731628,3.42271423339844,3.40691876411438,3.39128279685974
KEN,Kenya,hc,"Human capital index, based on years of schooling and returns to education; see Human capital in PWT9.",1.86399912834167,1.88764846324921,1.91159796714783,1.93585121631622,1.95771253108978,1.979820728302,2.00217866897583,2.02478885650635,2.04765462875366,2.07077860832214,2.09416365623474,2.1178126335144,2.14172887802124,2.16591501235962,2.18529486656189,2.20484805107117,2.22457599639893,2.2444806098938,2.26456332206726,2.28482580184937,2.30526947975159,2.32589602470398,2.34670734405518,2.36770462989807,2.475581407547,2.57906222343445,2.60687518119812
KGZ,Kyrgyzstan,hc,"Human capital index, based on years of schooling and returns to education; see Human capital in PWT9.",2.80607128143311,2.83044910430908,2.85503888130188,2.87984228134155,2.89928483963013,2.91885876655579,2.93856525421143,2.95840430259705,2.9783775806427,3.01325106620789,3.04853272438049,3.08422756195068,3.12034034729004,3.15687608718872,3.17857336997986,3.20041966438293,3.22241616249084,3.24456381797791,3.26686382293701,3.2893168926239,3.31192445755005,3.33468723297119,3.378662109375,3.42394375801086,3.4705810546875,3.51862478256226,3.56812882423401
KHM,Cambodia,hc,"Human capital index, based on years of schooling and returns to education; see Human capital in PWT9.",1.50662446022034,1.51783204078674,1.52912318706512,1.54049813747406,1.55278742313385,1.56517469882965,1.57766079902649,1.59024655818939,1.6029326915741,1.62778294086456,1.65301835536957,1.67864501476288,1.70466911792755,1.72566735744476,1.71317780017853,1.69805002212524,1.68176412582397,1.66563439369202,1.68224096298218,1.74049484729767,1.79374051094055,1.84861493110657,1.90516817569733,1.94617688655853,1.98806822299957,2.02220344543457,2.05799889564514
KOR,Republic of Korea,hc,"Human capital index, based on years of schooling and returns to education; see Human capital in PWT9.",3.08431339263916,3.11985421180725,3.15580463409424,3.1921694278717,3.21872901916504,3.2455096244812,3.27251291275024,3.29974102973938,3.32719564437866,3.35487866401672,3.3827919960022,3.41093754768372,3.43931722640991,3.467933177948,3.49225950241089,3.51675653457642,3.54142546653748,3.56626725196838,3.59128332138062,3.62420678138733,3.65777683258057,3.69200992584229,3.72692227363586,3.76253128051758,3.79885363578796,3.83590793609619,3.87371253967285
KWT,Kuwait,hc,"Human capital index, based on years of schooling and returns to education; see Human capital in PWT9.",2.0580427646637,2.07404828071594,2.0901780128479,2.10643339157105,2.10222768783569,2.09803032875061,2.0938413143158,2.08966064453125,2.08548831939697,2.09777212142944,2.11012840270996,2.1225574016571,2.13505983352661,2.14763569831848,2.1896767616272,2.23254108428955,2.11419415473938,2.15259790420532,2.19169926643372,2.20387268066406,2.21611380577087,2.22225975990295,2.23645782470703,2.25088357925415,2.26554155349731,2.28043651580811,2.29557299613953
LAO,Lao People's DR,hc,"Human capital index, based on years of schooling and returns to education; see Human capital in PWT9.",1.64215672016144,1.65704965591431,1.67207765579224,1.68724203109741,1.70189154148102,1.71481537818909,1.72602570056915,1.73730933666229,1.74866676330566,1.76094961166382,1.7733188867569,1.78577494621277,1.79831850528717,1.81095016002655,1.82428538799286,1.83793306350708,1.85190188884735,1.86620151996613,1.88084125518799,1.89583122730255,1.91118156909943,1.92690312862396,1.94300675392151,1.95950412750244,1.97640693187714,1.99372756481171,2.01147890090942
LBR,Liberia,hc,"Human capital index, based on years of schooling and returns to education; see Human capital in PWT9.",1.54396677017212,1.55912935733795,1.57444083690643,1.58990263938904,1.6033787727356,1.61696910858154,1.6306746006012,1.64449632167816,1.65843510627747,1.67244517803192,1.68657350540161,1.70082128047943,1.71370160579681,1.72460198402405,1.7388561964035,1.75322818756104,1.76771891117096,1.78232944011688,1.79706084728241,1.81191384792328,1.8597457408905,1.90884029865265,1.9592307806015,1.976358294487,1.99391508102417,2.01191449165344,2.03036975860596
LKA,Sri Lanka,hc,"Human capital index, based on years of schooling and returns to education; see Human capital in PWT9.",2.74993896484375,2.78748154640198,2.82553648948669,2.86411094665527,2.87118268013001,2.87827229499817,2.88537931442261,2.8925039768219,2.89964580535889,2.89663290977478,2.8936231136322,2.89061641693115,2.88761258125305,2.88461208343506,2.88435196876526,2.88409209251404,2.88383173942566,2.88357162475586,2.88331174850464,2.88305163383484,2.89582014083862,2.90864515304565,2.90680932998657,2.94188475608826,2.925217628479,2.93261384963989,2.92950534820557
LSO,Lesotho,hc,"Human capital index, based on years of schooling and returns to education; see Human capital in PWT9.",1.95822322368622,1.97990417480469,2.00182509422302,2.02398872375488,2.07248187065125,2.12213659286499,2.17298126220703,2.2250440120697,2.27835416793823,2.2230269908905,2.16904330253601,2.11637043952942,2.06497693061829,2.01483130455017,2.04721164703369,2.08011221885681,2.11354184150696,2.14750838279724,2.18202114105225,2.21708822250366,2.25271916389465,2.28892254829407,2.22856664657593,2.17202925682068,2.11901545524597,2.06925773620605,2.02251267433167
LTU,Lithuania,hc,"Human capital index, based on years of schooling and returns to education; see Human capital in PWT9.",2.80787038803101,2.83981800079346,2.87212920188904,2.90480780601501,2.93794012069702,2.9714503288269,3.00534272193909,3.03962182998657,3.07429170608521,3.08921837806702,3.10421705245972,3.11928868293762,3.13443350791931,3.14965200424194,3.17061185836792,3.16870069503784,3.17443776130676,3.21488857269287,3.24605417251587,3.27554607391357,3.29138422012329,3.31195569038391,3.33265566825867,3.35348510742188,3.37148022651672,3.38969135284424,3.40812134742737
LUX,Luxembourg,hc,"Human capital index, based on years of schooling and returns to education; see Human capital in PWT9.",2.82831573486328,2.84212970733643,2.85601091384888,2.86996030807495,2.89407515525818,2.91839241981506,2.94291424751282,2.96764206886292,2.99257755279541,3.03037667274475,3.06865334510803,3.10741329193115,3.14666295051575,3.18640828132629,3.1901969909668,3.21684408187866,3.2552981376648,3.30008888244629,3.1152720451355,3.15546822547913,3.19689297676086,3.23959302902222,3.28361773490906,3.32901906967163,3.37585067749023,3.42416930198669,3.47403478622437
LVA,Latvia,hc,"Human capital index, based on years of schooling and returns to education; see Human capital in PWT9.",2.76377201080322,2.78565740585327,2.80771565437317,2.82994890213013,2.8562593460083,2.88281440734863,2.90961670875549,2.93666768074036,2.96397042274475,2.97694563865662,2.98997783660889,3.00306701660156,3.01621341705322,3.02941751480103,3.03802037239075,3.05356788635254,3.072678565979,3.08140444755554,3.08315277099609,3.09366273880005,3.11567378044128,3.13784122467041,3.15032386779785,3.16514873504639,3.18013668060303,3.19528985023499,3.21061062812805
MAC,"China, Macao SAR",hc,"Human capital index, based on years of schooling and returns to education; see Human capital in PWT9.",2.12227654457092,2.14931893348694,2.17670583724976,2.2044415473938,2.23168230056763,2.25925946235657,2.28717756271362,2.31544065475464,2.34405303001404,2.38987183570862,2.43658638000488,2.48421430587769,2.53277277946472,2.57497334480286,2.60271430015564,2.6253035068512,2.64808869361877,2.67107176780701,2.69425439834595,2.71763801574707,2.75988793373108,2.80390000343323,2.84976553916931,2.89758253097534,2.94745469093323,2.99949288368225,3.05381512641907
MAR,Morocco,hc,"Human capital index, based on years of schooling and returns to education; see Human capital in PWT9.",1.47543573379517,1.49916255474091,1.52327108383179,1.54776728153229,1.56978118419647,1.59210824966431,1.61475276947021,1.63771951198578,1.66101276874542,1.68110632896423,1.70144295692444,1.71884727478027,1.73449659347534,1.75028824806213,1.76998937129974,1.78991222381592,1.81005918979645,1.83043313026428,1.85103631019592,1.87187135219574,1.89294099807739,1.91424775123596,1.93579435348511,1.95758354663849,1.98165833950043,2.00658464431763,2.03239965438843
MDA,Republic of Moldova,hc,"Human capital index, based on years of schooling and returns to education; see Human capital in PWT9.",2.71130084991455,2.72784543037415,2.7444908618927,2.76123809814453,2.77845358848572,2.79577612876892,2.81320691108704,2.83074617385864,2.84839510917664,2.89081907272339,2.93387484550476,2.97757148742676,3.02191948890686,3.06692790985107,3.08049821853638,3.10781860351563,3.09412813186646,3.10781860351563,3.10781860351563,3.11304998397827,3.11829018592834,3.12353920936584,3.11960172653198,3.12748169898987,3.13142919540405,3.13340497016907,3.18467235565186
MDG,Madagascar,hc,"Human capital index, based on years of schooling and returns to education; see Human capital in PWT9.",1.48297894001007,1.50139009952545,1.52002990245819,1.53890109062195,1.54889059066772,1.55894494056702,1.56906449794769,1.57924973964691,1.58950114250183,1.59981906414032,1.61020398139954,1.62065637111664,1.63117647171021,1.64176499843597,1.65068447589874,1.65965235233307,1.66866898536682,1.67773473262787,1.68684959411621,1.69601392745972,1.70522820949554,1.71317684650421,1.7201874256134,1.72722673416138,1.70153772830963,1.71304893493652,1.72287845611572
MDV,Maldives,hc,"Human capital index, based on years of schooling and returns to education; see Human capital in PWT9.",1.56180322170258,1.54256117343903,1.52355623245239,1.50478541851044,1.50574457645416,1.50670421123505,1.50766456127167,1.50862550735474,1.50958704948425,1.56340634822845,1.61914443969727,1.6768696308136,1.72984063625336,1.77612340450287,1.82051992416382,1.86602604389191,1.91266965866089,1.96047925949097,2.0094838142395,2.05971360206604,2.11119866371155,2.20879173278809,2.31857919692993,2.4425106048584,2.57540678977966,2.68157649040222,2.80042004585266
MEX,Mexico,hc,"Human capital index, based on years of schooling and returns to education; see Human capital in PWT9.",2.3440899848938,2.36838483810425,2.39293122291565,2.41773200035095,2.43708729743958,2.45659756660461,2.47626376152039,2.49608755111694,2.51607012748718,2.53621244430542,2.55651617050171,2.57141518592834,2.58525681495667,2.59917283058167,2.61836075782776,2.63769030570984,2.6571626663208,2.67677879333496,2.69653964042664,2.71644639968872,2.73650026321411,2.75670194625855,2.7770528793335,2.79755401611328,2.81556797027588,2.83388257026672,2.85250401496887
MLI,Mali,hc,"Human capital index, based on years of schooling and returns to education; see Human capital in PWT9.",1.13269305229187,1.1366183757782,1.14055728912354,1.14450979232788,1.14905476570129,1.15361785888672,1.15819895267487,1.16279828548431,1.16741585731506,1.17825269699097,1.18919003009796,1.20022904872894,1.21137046813965,1.22261524200439,1.23921501636505,1.25604009628296,1.27309358119965,1.29037868976593,1.30789840221405,1.32565605640411,1.34365475177765,1.36189782619476,1.38038861751556,1.39913046360016,1.42455685138702,1.45184659957886,1.48116552829742
MLT,Malta,hc,"Human capital index, based on years of schooling and returns to education; see Human capital in PWT9.",2.72867560386658,2.74993228912354,2.77135443687439,2.79294371604919,2.8172721862793,2.84181261062622,2.8665668964386,2.89153647422791,2.91672372817993,2.93307518959045,2.94951844215393,2.96605372428894,2.9826819896698,2.99940323829651,3.03227758407593,3.10122346878052,3.15020155906677,3.1717369556427,3.18907117843628,3.20650005340576,3.26714205741882,3.32893085479736,3.37115406990051,3.41391253471375,3.43715000152588,3.4607367515564,3.48467993736267
MMR,Myanmar,hc,"Human capital index, based on years of schooling and returns to education; see Human capital in PWT9.",1.46844029426575,1.48402392864227,1.49977314472198,1.51568937301636,1.53401160240173,1.55255532264709,1.5713232755661,1.59031808376312,1.60954236984253,1.63307785987854,1.65695738792419,1.68118607997894,1.70576906204224,1.72537803649902,1.73815476894379,1.75102591514587,1.76399254798889,1.77705514431,1.79021441936493,1.80347120761871,1.8168261051178,1.83027982711792,1.8438333272934,1.85748708248138,1.88372933864594,1.91111409664154,1.9397029876709
MNG,Mongolia,hc,"Human capital index, based on years of schooling and returns to education; see Human capital in PWT9.",2.54999971389771,2.56670713424683,2.58022856712341,2.59382128715515,2.60908365249634,2.62443590164185,2.63987851142883,2.65541195869446,2.67103672027588,2.69511675834656,2.71941375732422,2.74392986297607,2.76866698265076,2.79362726211548,2.81266522407532,2.83183288574219,2.85113143920898,2.87056159973145,2.89012384414673,2.90981936454773,2.92964935302734,2.94961452484131,2.81514573097229,2.68680739402771,2.71055436134338,2.73486876487732,2.75976753234863
MOZ,Mozambique,hc,"Human capital index, based on years of schooling and returns to education; see Human capital in PWT9.",1.12002146244049,1.12315034866333,1.12628781795502,1.12943410873413,1.13541626930237,1.14143013954163,1.14747595787048,1.15355372428894,1.15966367721558,1.16388356685638,1.16811883449554,1.17236948013306,1.17663550376892,1.18091714382172,1.18610608577728,1.19131779670715,1.19655251502991,1.20181012153625,1.20709085464478,1.21239471435547,1.21772193908691,1.2230726480484,1.22844684123993,1.2338445186615,1.25862336158752,1.28389978408813,1.29142963886261
MRT,Mauritania,hc,"Human capital index, based on years of schooling and returns to education; see Human capital in PWT9.",1.44562637805939,1.45961892604828,1.4737468957901,1.48801171779633,1.50350916385651,1.51916813850403,1.53499007225037,1.55097687244415,1.56713020801544,1.58472216129303,1.6025116443634,1.62050080299377,1.63869178295136,1.65708708763123,1.67162072658539,1.68628180027008,1.70107138156891,1.70174014568329,1.70240914821625,1.72034013271332,1.73715829849243,1.75454545021057,1.7725248336792,1.79112124443054,1.81036043167114,1.83026969432831,1.85087740421295
MUS,Mauritius,hc,"Human capital index, based on years of schooling and returns to education; see Human capital in PWT9.",2.2078914642334,2.23285937309265,2.25810956954956,2.28364539146423,2.30223345756531,2.32097268104553,2.33986449241638,2.35891008377075,2.37811064720154,2.39746761322022,2.41698217391968,2.43665528297424,2.45648884773254,2.47648358345032,2.49707937240601,2.51784634590149,2.53878593444824,2.55989956855774,2.57424068450928,2.58863472938538,2.60310959815979,2.61766529083252,2.63230228424072,2.64702105522156,2.66406083106995,2.68140149116516,2.69904971122742
MWI,Malawi,hc,"Human capital index, based on years of schooling and returns to education; see Human capital in PWT9.",1.50863921642303,1.5310435295105,1.5537805557251,1.57685518264771,1.58800005912781,1.5992237329483,1.61052656173706,1.6219094991684,1.63337278366089,1.64491701126099,1.65654289722443,1.66825091838837,1.68004179000855,1.69191586971283,1.73121023178101,1.76699984073639,1.80352938175201,1.84081411361694,1.87886953353882,1.91771185398102,1.95735704898834,1.99782192707062,2.03912305831909,2.0812783241272,2.09947299957275,2.11809349060059,2.13715243339539
MYS,Malaysia,hc,"Human capital index, based on years of schooling and returns to education; see Human capital in PWT9.",2.50913667678833,2.53928780555725,2.56658840179443,2.58731245994568,2.61509108543396,2.64316821098328,2.67154669761658,2.70022964477539,2.72922086715698,2.75938773155212,2.78988838195801,2.82072591781616,2.85190463066101,2.88342761993408,2.90448880195618,2.92570376396179,2.94707369804382,2.96859955787659,2.99028301239014,3.01212477684021,3.03412580490112,3.05628776550293,3.07861137390137,3.10109806060791,3.13224864006043,3.16371178627014,3.20573282241821
NAM,Namibia,hc,"Human capital index, based on years of schooling and returns to education; see Human capital in PWT9.",2.01390409469605,2.00960659980774,2.00531816482544,2.0010392665863,2.0169951915741,2.03307819366455,2.04928970336914,2.0656304359436,2.08210134506226,2.09330534934998,2.10456991195679,2.11589479446411,2.12728071212769,2.13872790336609,2.15054202079773,2.16252589225769,2.1746826171875,2.18701505661011,2.1995267868042,2.21222043037415,2.22509956359863,2.23816776275635,2.2514283657074,2.26488471031189,2.27854084968567,2.29239988327026,2.30646586418152
NER,Niger,hc,"Human capital index, based on years of schooling and returns to education; see Human capital in PWT9.",1.09929716587067,1.1054824590683,1.11170256137848,1.11795771121979,1.12280082702637,1.12766492366791,1.1325501203537,1.13745641708374,1.14238405227661,1.14733302593231,1.15230333805084,1.15729522705078,1.16230881214142,1.16734409332275,1.1736124753952,1.17991459369659,1.18625044822693,1.19262039661407,1.19902455806732,1.20546305179596,1.21193623542786,1.21844410896301,1.22498691082001,1.23156487941742,1.24013805389404,1.24905955791473,1.25834560394287
NGA,Nigeria,hc,"Human capital index, based on years of schooling and returns to education; see Human capital in PWT9.",1.38392329216003,1.40864670276642,1.4338116645813,1.45942640304565,1.4883189201355,1.5177835226059,1.54783141613007,1.57847416400909,1.60972356796265,1.64159166812897,1.6740905046463,1.70723295211792,1.7331268787384,1.75892567634583,1.78164064884186,1.80464899539948,1.82795441150665,1.85156083106995,1.87547206878662,1.89969217777252,1.9242250919342,1.94907462596893,1.97424519062042,1.99974083900452,2.02987694740295,2.08037233352661,2.13435983657837
NIC,Nicaragua,hc,"Human capital index, based on years of schooling and returns to education; see Human capital in PWT9.",1.84685611724854,1.8663694858551,1.8860889673233,1.90601670742035,1.92069554328918,1.93548738956451,1.95039319992065,1.96541380882263,1.98054993152618,2.00213146209717,2.02394843101501,2.04600286483765,2.06829762458801,2.09083533287048,2.11170601844788,2.1327850818634,2.1540744304657,2.17557644844055,2.1972930431366,2.21922636032105,2.24137854576111,2.26375198364258,2.28634881973267,2.30917096138001,2.34018325805664,2.37221097946167,2.40529561042786
NLD,Netherlands,hc,"Human capital index, based on years of schooling and returns to education; see Human capital in PWT9.",3.09873819351196,3.11327981948853,3.12788987159729,3.14256834983826,3.15517377853394,3.1678295135498,3.18053650856018,3.19329428672791,3.20610308647156,3.2189633846283,3.23187518119812,3.24483895301819,3.25785446166992,3.27092242240906,3.28468346595764,3.29850268363953,3.31237983703613,3.3263156414032,3.34031009674072,3.35436320304871,3.36847543716431,3.38264727592468,3.39687848091126,3.41116952896118,3.42599987983704,3.44097256660461,3.45608949661255
NOR,Norway,hc,"Human capital index, based on years of schooling and returns to education; see Human capital in PWT9.",3.3030366897583,3.3158278465271,3.32866883277893,3.34155941009522,3.36419939994812,3.38699245452881,3.40994024276733,3.43304324150085,3.45630311965942,3.47972059249878,3.50329637527466,3.52703213691711,3.55092859268188,3.57498717308044,3.5846438407898,3.59432673454285,3.60403561592102,3.61377096176147,3.62353277206421,3.63332056999207,3.6431348323822,3.6529757976532,3.66284322738647,3.67273736000061,3.69953942298889,3.72675514221191,3.75439190864563
NPL,Nepal,hc,"Human capital index, based on years of schooling and returns to education; see Human capital in PWT9.",1.35912108421326,1.36406672000885,1.36903023719788,1.37401187419891,1.3899998664856,1.40617382526398,1.42253601551056,1.43908870220184,1.45583391189575,1.47592604160309,1.49629557132721,1.5169460773468,1.537881731987,1.55910623073578,1.59022402763367,1.62196290493011,1.65433526039124,1.68735373020172,1.71809923648834,1.74388253688812,1.77005279064178,1.79661571979523,1.82357716560364,1.85094344615936,1.86829590797424,1.89996242523193,1.93327307701111
NZL,New Zealand,hc,"Human capital index, based on years of schooling and returns to education; see Human capital in PWT9.",3.26874756813049,3.26930022239685,3.26985287666321,3.27040553092957,3.27239608764648,3.2743878364563,3.27638077735901,3.27837491035461,3.28037047386169,3.26478576660156,3.24927496910095,3.23383808135986,3.21847438812256,3.20318388938904,3.22521996498108,3.24740767478943,3.2697479724884,3.29224228858948,3.31489086151123,3.33769536018372,3.36065697669983,3.38377642631531,3.40705513954163,3.43049359321594,3.41306686401367,3.39583373069763,3.37879180908203
PAK,Pakistan,hc,"Human capital index, based on years of schooling and returns to education; see Human capital in PWT9.",1.4890855550766,1.5091632604599,1.52951180934906,1.55013465881348,1.60251486301422,1.65666508674622,1.71178531646729,1.75520408153534,1.79972422122955,1.7976154088974,1.79550898075104,1.79340529441834,1.79130387306213,1.78920495510101,1.81359827518463,1.82945501804352,1.84366619586945,1.87967920303345,1.87725651264191,1.87483704090118,1.87242066860199,1.81014931201935,1.77026915550232,1.76825952529907,1.76625752449036,1.76426291465759,1.76227569580078
PAN,Panama,hc,"Human capital index, based on years of schooling and returns to education; see Human capital in PWT9.",2.53267359733582,2.55641269683838,2.57369351387024,2.58991026878357,2.60559630393982,2.62137746810913,2.63725399971008,2.65322685241699,2.66929650306702,2.68546319007874,2.70172786712647,2.71809124946594,2.73455381393433,2.7511157989502,2.76602506637573,2.78101539611816,2.79608678817749,2.81123995780945,2.82647514343262,2.84179306030273,2.8571937084198,2.87267804145813,2.8882462978363,2.90389895439148,2.92414712905884,2.94474864006043,2.96571135520935
PER,Peru,hc,"Human capital index, based on years of schooling and returns to education; see Human capital in PWT9.",2.47289657592773,2.52473306655884,2.57186794281006,2.60804152488709,2.64082050323486,2.67401123046875,2.70761942863464,2.74164962768555,2.77610778808594,2.75700330734253,2.73803019523621,2.71918773651123,2.70047473907471,2.68189072608948,2.69885945320129,2.71593523025513,2.73311901092529,2.75041174888611,2.76781368255615,2.78532600402832,2.80294895172119,2.82068347930908,2.83853006362915,2.85648965835571,2.83546948432922,2.81483864784241,2.79458904266357
PHL,Philippines,hc,"Human capital index, based on years of schooling and returns to education; see Human capital in PWT9.",2.38218402862549,2.40284466743469,2.42368412017822,2.44470477104187,2.46005773544312,2.4755072593689,2.49105358123779,2.50669765472412,2.52243995666504,2.53909778594971,2.55586576461792,2.56856727600098,2.57997512817383,2.59143400192261,2.60486817359924,2.61837196350098,2.63194608688355,2.64559030532837,2.65930533409119,2.67309141159058,2.6869490146637,2.70087862014771,2.7148802280426,2.72895431518555,2.83230948448181,2.93957924842834,2.95599770545959
POL,Poland,hc,"Human capital index, based on years of schooling and returns to education; see Human capital in PWT9.",2.94626998901367,2.97021865844727,2.99436235427856,3.01870203018188,3.03832674026489,3.05807900428772,3.07795977592468,3.09796977043152,3.11810970306397,3.14025592803955,3.16255927085876,3.18502116203308,3.20764255523682,3.23042464256287,3.27970886230469,3.32764506340027,3.32764506340027,3.34026527404785,3.3571662902832,3.37415289878845,3.38267827033997,3.39122533798218,3.39979410171509,3.40838432312012,3.4350049495697,3.46208596229553,3.48963713645935
PRT,Portugal,hc,"Human capital index, based on years of schooling and returns to education; see Human capital in PWT9.",2.14060401916504,2.17464900016785,2.20923566818237,2.24437212944031,2.24157786369324,2.23878693580627,2.235999584198,2.23321557044983,2.23043513298035,2.25600552558899,2.28186869621277,2.30802869796753,2.33448839187622,2.36125135421753,2.37762331962585,2.39410853385925,2.41070818901062,2.42742276191711,2.44425344467163,2.46120071411133,2.47826552391052,2.49544858932495,2.51275086402893,2.5301730632782,2.56238317489624,2.58546710014343,2.60914421081543
PRY,Paraguay,hc,"Human capital index, based on years of schooling and returns to education; see Human capital in PWT9.",2.09454011917114,2.08437085151672,2.07425093650818,2.06418013572693,2.10612773895264,2.14892745018005,2.19259738922119,2.23715424537659,2.28261709213257,2.30002331733704,2.31756258010864,2.33523559570313,2.3530433177948,2.37098670005798,2.40594434738159,2.44141745567322,2.47741341590881,2.51394009590149,2.55100560188293,2.57922601699829,2.60476756095886,2.63056206703186,2.65661215782166,2.68292021751404,2.69997620582581,2.71732521057129,2.73497366905212
QAT,Qatar,hc,"Human capital index, based on years of schooling and returns to education; see Human capital in PWT9.",2.11957430839539,2.1406409740448,2.16191720962524,2.18340468406677,2.21360206604004,2.24421715736389,2.27525568008423,2.30672359466553,2.33862662315369,2.40313744544983,2.46942758560181,2.53754639625549,2.5919075012207,2.63983011245728,2.65763425827026,2.7429358959198,2.8712203502655,2.85582208633423,2.85102701187134,2.84624004364014,2.85774207115173,2.89797782897949,2.9387800693512,2.98015689849854,3.02211618423462,3.0646665096283,3.14407253265381
ROU,Romania,hc,"Human capital index, based on years of schooling and returns to education; see Human capital in PWT9.",2.88912105560303,2.90514707565308,2.92126202583313,2.93746614456177,2.95060968399048,2.96381211280823,2.97707319259644,2.990394115448,3.00377440452576,3.02271199226379,3.04176926612854,3.06094622612,3.08024454116821,3.09966444969177,3.1184663772583,3.1373827457428,3.15641355514526,3.17555975914001,3.19482231140137,3.21420168876648,3.23369860649109,3.25331354141235,3.27304792404175,3.29290151596069,3.30904531478882,3.32991766929626,3.35357666015625
RUS,Russian Federation,hc,"Human capital index, based on years of schooling and returns to education; see Human capital in PWT9.",2.99815082550049,3.05375146865845,3.1103835105896,3.16806554794312,3.17985320091248,3.19168448448181,3.20355987548828,3.21547937393188,3.22744345664978,3.24144864082336,3.25551462173462,3.2696418762207,3.28383016586304,3.29807996749878,3.29943633079529,3.30079340934753,3.30215072631836,3.3035089969635,3.30486750602722,3.30622673034668,3.3075864315033,3.30894684791565,3.31030750274658,3.31166911125183,3.31303095817566,3.32773017883301,3.3425760269165
RWA,Rwanda,hc,"Human capital index, based on years of schooling and returns to education; see Human capital in PWT9.",1.32336103916168,1.33420193195343,1.34513163566589,1.35615086555481,1.37562823295593,1.39538538455963,1.41542613506317,1.43575489521027,1.45637559890747,1.48311388492584,1.51034319400787,1.5380722284317,1.56631052494049,1.59506714344025,1.61204195022583,1.62919723987579,1.66007041931152,1.69152843952179,1.69924378395081,1.71472871303558,1.7278778553009,1.74112772941589,1.78833651542664,1.83682525157928,1.83697664737701,1.83712816238403,1.87628734111786
SAU,Saudi Arabia,hc,"Human capital index, based on years of schooling and returns to education; see Human capital in PWT9.",2.15314960479736,2.17879414558411,2.20474410057068,2.23100328445435,2.25860095024109,2.28654050827026,2.31482529640198,2.34346032142639,2.37244915962219,2.3984100818634,2.4246551990509,2.45118737220764,2.4780101776123,2.50512599945068,2.55803108215332,2.5949239730835,2.63169384002686,2.65358662605286,2.67566132545471,2.69792008399963,2.72036361694336,2.77948522567749,2.83989143371582,2.90161061286926,2.92979979515076,2.9586763381958,2.98826050758362
SDN,Sudan,hc,"Human capital index, based on years of schooling and returns to education; see Human capital in PWT9.",1.33554482460022,1.35230159759521,1.36926877498627,1.38644874095917,1.40469980239868,1.42319118976593,1.44192588329315,1.46090734004974,1.48013865947723,1.4881876707077,1.49628055095673,1.50441741943359,1.51259863376617,1.52082419395447,1.53067195415497,1.54058337211609,1.55055904388428,1.56059920787811,1.57070446014404,1.58087515830994,1.59111166000366,1.60141456127167,1.61178410053253,1.62222075462341,1.63282120227814,1.64363515377045,1.65466773509979
SEN,Senegal,hc,"Human capital index, based on years of schooling and returns to education; see Human capital in PWT9.",1.27292764186859,1.28595674037933,1.29911911487579,1.31241619586945,1.32589495182037,1.33951210975647,1.35326910018921,1.36716735363007,1.3812084197998,1.39539361000061,1.40972447395325,1.42420256137848,1.43882930278778,1.45360636711121,1.4709677696228,1.48853659629822,1.50631523132324,1.52430617809296,1.54251205921173,1.56093537807465,1.57957863807678,1.59844470024109,1.61753606796265,1.63685536384583,1.66321587562561,1.69087636470795,1.71726036071777
SGP,Singapore,hc,"Human capital index, based on years of schooling and returns to education; see Human capital in PWT9.",2.54764604568481,2.6070761680603,2.66368556022644,2.72152423858643,2.70760941505432,2.69376587867737,2.67999315261841,2.6662905216217,2.65265846252441,2.72960352897644,2.80878090858459,2.89025473594666,2.97409200668335,3.0603609085083,3.07251238822937,3.07657361030579,3.10310220718384,3.11748170852661,3.14851927757263,3.15059947967529,3.1422872543335,3.18827772140503,3.21364641189575,3.23067116737366,3.29967594146729,3.2801206111908,3.39934206008911
SLE,Sierra Leone,hc,"Human capital index, based on years of schooling and returns to education; see Human capital in PWT9.",1.32378304004669,1.33582973480225,1.3479859828949,1.36025285720825,1.37434566020966,1.38858437538147,1.40297055244446,1.41750586032867,1.43219172954559,1.44678807258606,1.46153318881989,1.47642862796783,1.49147593975067,1.50667643547058,1.52146458625793,1.53639781475067,1.55147778987885,1.56670558452606,1.58208298683167,1.59761118888855,1.61329197883606,1.6291264295578,1.6451164484024,1.66126346588135,1.6839804649353,1.70762860774994,1.72653782367706
SLV,El Salvador,hc,"Human capital index, based on years of schooling and returns to education; see Human capital in PWT9.",1.80885148048401,1.83236122131348,1.85617637634277,1.88030099868774,1.89369809627533,1.90719056129456,1.92077922821045,1.93446469306946,1.94824767112732,1.96212887763977,1.97610890865326,1.9901887178421,2.00436854362488,2.01864957809448,2.04879355430603,2.07938742637634,2.11043810844421,2.14195251464844,2.17393755912781,2.20640015602112,2.23934745788574,2.27278709411621,2.30672574043274,2.34117126464844,2.35296654701233,2.36482119560242,2.37673568725586
SRB,Serbia,hc,"Human capital index, based on years of schooling and returns to education; see Human capital in PWT9.",2.74837684631348,2.76990509033203,2.79160165786743,2.81346845626831,2.84502863883972,2.87694239616394,2.90921425819397,2.94184827804565,2.97484827041626,3.0058434009552,3.03716158866882,3.06880593299866,3.10078024864197,3.1330873966217,3.17849206924438,3.17734909057617,3.17620658874512,3.21297717094421,3.28307342529297,3.30915689468384,3.31630611419678,3.34145140647888,3.36678743362427,3.40696859359741,3.44822263717651,3.49058556556702,3.53409481048584
SVK,Slovakia,hc,"Human capital index, based on years of schooling and returns to education; see Human capital in PWT9.",3.235267162323,3.24099159240723,3.24672651290894,3.25247144699097,3.29945015907288,3.34710764884949,3.39545345306397,3.44449758529663,3.49424982070923,3.5176374912262,3.54118132591248,3.56488275527954,3.58874297142029,3.61276292800903,3.67181015014648,3.64005875587463,3.6558997631073,3.6558997631073,3.70920395851135,3.7280433177948,3.74426746368408,3.77146458625793,3.78239893913269,3.80964589118958,3.8373007774353,3.8653712272644,3.89386487007141
SVN,Slovenia,hc,"Human capital index, based on years of schooling and returns to education; see Human capital in PWT9.",3.21934461593628,3.23422455787659,3.2491729259491,3.26419067382813,3.27085399627686,3.27753090858459,3.2842218875885,3.29092597961426,3.2976438999176,3.31612467765808,3.33470916748047,3.35339760780334,3.37219095230103,3.39108943939209,3.42607164382935,3.44251990318298,3.4661545753479,3.47803258895874,3.51150822639465,3.53561639785767,3.54288125038147,3.55502223968506,3.56720495223999,3.58887028694153,3.6108181476593,3.63305330276489,3.65558075904846
SWE,Sweden,hc,"Human capital index, based on years of schooling and returns to education; see Human capital in PWT9.",3.16783618927002,3.17249464988709,3.17716002464294,3.18183207511902,3.19793128967285,3.21411204338074,3.23037457466126,3.24671912193298,3.26314687728882,3.2796573638916,3.29625153541565,3.31292939186096,3.32969212532043,3.34653925895691,3.35636186599731,3.36621308326721,3.37609314918518,3.38600254058838,3.39594054222107,3.40590810775757,3.41590476036072,3.42593097686768,3.43598628044128,3.44607138633728,3.46478605270386,3.48372411727905,3.50288844108582
SWZ,Eswatini,hc,"Human capital index, based on years of schooling and returns to education; see Human capital in PWT9.",1.72458589076996,1.71107006072998,1.69392073154449,1.67633020877838,1.64403462409973,1.61236131191254,1.58129823207855,1.55083358287811,1.52095592021942,1.55764329433441,1.59521567821503,1.6336944103241,1.67310118675232,1.71239805221558,1.72441899776459,1.73652422428131,1.74871456623077,1.76099038124084,1.77335238456726,1.78580129146576,1.79833734035492,1.81096160411835,1.82367444038391,1.83647644519806,1.84936833381653,1.86235070228577,1.90974152088165
SYR,Syrian Arab Republic,hc,"Human capital index, based on years of schooling and returns to education; see Human capital in PWT9.",2.03168869018555,2.07468867301941,2.1185986995697,2.16343808174133,2.18481945991516,2.20641231536865,2.22821855545044,2.25024032592773,2.27247953414917,2.29493856430054,2.31761956214905,2.34052491188049,2.36365652084351,2.38701677322388,2.41252708435059,2.43868350982666,2.46550607681274,2.49301671981812,2.52123713493347,2.55019044876099,2.57337546348572,2.59381318092346,2.61471104621887,2.6360821723938,2.65793967247009,2.68029689788818,2.7031683921814
TGO,Togo,hc,"Human capital index, based on years of schooling and returns to education; see Human capital in PWT9.",1.64339935779572,1.66328966617584,1.68342065811157,1.70379531383514,1.71390092372894,1.72273302078247,1.73161065578461,1.74053406715393,1.74950337409973,1.7528635263443,1.75622999668121,1.75960302352905,1.76298260688782,1.76636850833893,1.79985272884369,1.84620332717896,1.8937474489212,1.94251608848572,1.99254059791565,2.04385328292847,2.09648752212524,2.10217022895813,2.10789394378662,2.11365866661072,2.11946487426758,2.12531304359436,2.13120365142822
THA,Thailand,hc,"Human capital index, based on years of schooling and returns to education; see Human capital in PWT9.",2.18078565597534,2.20084047317505,2.22107982635498,2.24150514602661,2.27084016799927,2.30055904388428,2.33066654205322,2.361168384552,2.3920693397522,2.42337465286255,2.4550895690918,2.48721981048584,2.51977038383484,2.55274677276611,2.5733745098114,2.59177112579346,2.61029958724976,2.63583588600159,2.66162204742432,2.68766045570374,2.6924512386322,2.69725036621094,2.76140666007996,2.78379058837891,2.80635571479797,2.82910394668579,2.86166048049927
TJK,Tajikistan,hc,"Human capital index, based on years of schooling and returns to education; see Human capital in PWT9.",3.09291529655457,3.11630606651306,3.13987398147583,3.16361999511719,3.16470050811768,3.16578125953674,3.16686248779297,3.16794395446777,3.16902613639832,3.15885615348816,3.14871859550476,3.13861393928528,3.12854146957397,3.11850142478943,3.12606263160706,3.13364219665527,3.14124011993408,3.14885663986206,3.15649127960205,3.16414451599121,3.17181658744812,3.16153836250305,3.15133714675903,3.14121222496033,3.13116335868835,3.12118911743164,3.11128926277161
TTO,Trinidad and Tobago,hc,"Human capital index, based on years of schooling and returns to education; see Human capital in PWT9.",2.70164442062378,2.72463440895081,2.7478199005127,2.77120304107666,2.79457020759583,2.81813430786133,2.8418972492218,2.86586046218872,2.89002561569214,2.91314315795898,2.93644571304321,2.95993447303772,2.98361110687256,3.00747728347778,3.01602864265442,3.0246045589447,3.03320455551147,3.04182910919189,3.05047821998596,3.05915188789368,3.06785011291504,3.07657313346863,3.08532094955444,3.09409379959106,3.09702277183533,3.09995436668396,3.12673950195313
TUN,Tunisia,hc,"Human capital index, based on years of schooling and returns to education; see Human capital in PWT9.",1.78689825534821,1.81486713886261,1.84327363967896,1.87212479114532,1.90442144870758,1.9372752904892,1.97069573402405,2.00469303131104,2.03927659988403,2.07380843162537,2.10892534255981,2.14463663101196,2.18095278739929,2.21788382530212,2.27330327033997,2.33010721206665,2.38833093643188,2.44800925254822,2.50917887687683,2.56798410415649,2.61101174354553,2.65475988388062,2.69924139976501,2.74446797370911,2.76772165298462,2.79117250442505,2.83977293968201
TUR,Türkiye,hc,"Human capital index, based on years of schooling and returns to education; see Human capital in PWT9.",1.90986025333405,1.93831443786621,1.96719241142273,1.99650061130524,2.01745104789734,2.03862142562866,2.06001400947571,2.08163118362427,2.10347485542297,2.12519979476929,2.14714884757996,2.16932463645935,2.19172954559326,2.2143657207489,2.24584078788757,2.27776288986206,2.31013917922974,2.3429753780365,2.37627840042114,2.4100546836853,2.44431138038635,2.47905468940735,2.51429200172424,2.55002999305725,2.57585644721985,2.59900760650635,2.62274813652039
TWN,Taiwan,hc,"Human capital index, based on years of schooling and returns to education; see Human capital in PWT9.",2.63457679748535,2.66657042503357,2.69895267486572,2.73172807693481,2.77324509620667,2.81539297103882,2.85818147659302,2.90162038803101,2.94571924209595,2.97183918952942,2.99819040298462,3.02477526664734,3.05159616470337,3.07865476608276,3.10699677467346,3.13596105575562,3.1655650138855,3.19582605361938,3.22676253318787,3.25839352607727,3.29073810577393,3.32381677627563,3.35765051841736,3.39226031303406,3.42766976356506,3.46390080451965,3.5009777545929
TZA,U.R. of Tanzania: Mainland,hc,"Human capital index, based on years of schooling and returns to education; see Human capital in PWT9.",1.44003736972809,1.45935869216919,1.47893929481506,1.49878263473511,1.50824749469757,1.5177720785141,1.52735698223114,1.53700232505798,1.5467084646225,1.55647599697113,1.56630516052246,1.57619655132294,1.58615028858185,1.59616684913635,1.6092346906662,1.62240934371948,1.6356920003891,1.64908337593079,1.66258430480957,1.67619585990906,1.68991887569428,1.70375418663025,1.71559405326843,1.7261700630188,1.74082839488983,1.75561130046844,1.76666176319122
UGA,Uganda,hc,"Human capital index, based on years of schooling and returns to education; see Human capital in PWT9.",1.61447060108185,1.63541007041931,1.65662109851837,1.67810726165771,1.70382010936737,1.72478854656219,1.74467086791992,1.76478230953217,1.78512573242188,1.82103645801544,1.85766959190369,1.89503967761993,1.93316149711609,1.97205018997192,2.01898336410522,2.06703329086304,2.11622667312622,2.16659092903137,2.21815395355225,2.27094388008118,2.32499027252197,2.38032293319702,2.43697237968445,2.49497008323669,2.57095623016357,2.62941098213196,2.69167518615723
UKR,Ukraine,hc,"Human capital index, based on years of schooling and returns to education; see Human capital in PWT9.",2.99283599853516,3.01872825622559,3.04484462738037,3.07118678092957,3.09133386611938,3.11161279678345,3.13202500343323,3.15257096290588,3.17325162887573,3.18130683898926,3.18938279151917,3.19747877120972,3.20559573173523,3.21373295783997,3.22197246551514,3.23026084899902,3.23859786987305,3.24698424339294,3.2554202079773,3.26390647888184,3.27244305610657,3.28103017807007,3.28966856002808,3.29835844039917,3.30710029602051,3.31589460372925,3.32474160194397
URY,Uruguay,hc,"Human capital index, based on years of schooling and returns to education; see Human capital in PWT9.",2.45074009895325,2.48176097869873,2.51317453384399,2.54498553276062,2.54196763038635,2.53895330429077,2.53594255447388,2.53293538093567,2.52993178367615,2.54152894020081,2.5531792640686,2.5632803440094,2.57118535041809,2.57911467552185,2.6003246307373,2.62170910835266,2.64326930046082,2.66500687599182,2.68692326545715,2.70901989936829,2.73129820823669,2.75375962257385,2.77640581130981,2.79923820495605,2.8979823589325,3.00021004676819,3.01220703125
USA,United States,hc,"Human capital index, based on years of schooling and returns to education; see Human capital in PWT9.",3.54452061653137,3.5558385848999,3.56719255447388,3.5785825252533,3.58833718299866,3.59811854362488,3.6079261302948,3.61776089668274,3.62762236595154,3.64232897758484,3.65709471702576,3.67192077636719,3.68680667877197,3.70175337791443,3.70701098442078,3.71227598190308,3.71754860877991,3.72282862663269,3.72811627388001,3.73341131210327,3.73871397972107,3.74402379989624,3.74934148788452,3.75466680526733,3.72817277908325,3.81364345550537,3.82982563972473
VEN,Venezuela (Bolivarian Republic of),hc,"Human capital index, based on years of schooling and returns to education; see Human capital in PWT9.",2.05253863334656,2.08492922782898,2.11783146858215,2.15125250816345,2.18933629989624,2.22809457778931,2.26753854751587,2.3076810836792,2.34853434562683,2.39718818664551,2.44685029983521,2.49754095077515,2.54928183555603,2.58825922012329,2.62051510810852,2.65317296981812,2.68623757362366,2.71971440315247,2.7536084651947,2.78792500495911,2.82266926765442,2.8578462600708,2.89346170425415,2.92952108383179,2.98354768753052,3.04006600379944,3.09922003746033
VNM,Viet Nam,hc,"Human capital index, based on years of schooling and returns to education; see Human capital in PWT9.",1.87661921977997,1.90790271759033,1.93970763683319,1.97204279899597,2.01308059692383,2.05497241020203,2.09773588180542,2.1413893699646,2.18595147132874,2.23101854324341,2.27701449394226,2.32395887374878,2.37187123298645,2.42077112197876,2.44234204292297,2.46410512924194,2.48606204986572,2.50821471214294,2.53056478500366,2.55311393737793,2.57066369056702,2.58606362342834,2.60155558586121,2.63281893730164,2.66445779800415,2.69647669792175,2.74444723129272
YEM,Yemen,hc,"Human capital index, based on years of schooling and returns to education; see Human capital in PWT9.",1.12358677387238,1.14008402824402,1.15682351589203,1.17380881309509,1.19481706619263,1.21620142459869,1.23796844482422,1.26012516021729,1.28267824649811,1.30834531784058,1.33452594280243,1.36123049259186,1.38846945762634,1.41625332832336,1.45082175731659,1.48871970176697,1.53033947944641,1.57613134384155,1.62661337852478,1.68238353729248,1.7354553937912,1.78661465644836,1.84298872947693,1.90523838996887,1.97412967681885,2.05055284500122,2.13554763793945
ZAF,South Africa,hc,"Human capital index, based on years of schooling and returns to education; see Human capital in PWT9.",2.0308985710144,2.04911398887634,2.06749296188355,2.08603668212891,2.12451338768005,2.16369986534119,2.20360922813416,2.24425435066223,2.28564929962158,2.32780814170837,2.37074422836304,2.41447234153748,2.45900702476501,2.50436329841614,2.50843787193298,2.55785465240479,2.57399797439575,2.5895402431488,2.60090255737305,2.59450531005859,2.58812355995178,2.67671513557434,2.76833891868591,2.64752745628357,2.80493950843811,2.85314345359802,2.90350246429443
ZMB,Zambia,hc,"Human capital index, based on years of schooling and returns to education; see Human capital in PWT9.",2.08651208877563,2.07980871200562,2.07312703132629,2.06646656990051,2.08502984046936,2.10375952720642,2.12265777587891,2.14172554016113,2.16096472740173,2.17306137084961,2.18522572517395,2.19745802879334,2.2097589969635,2.22212862968445,2.27544116973877,2.33003234863281,2.38593363761902,2.44317603111267,2.50179147720337,2.56121468544006,2.60242486000061,2.64429807662964,2.68684506416321,2.73007655143738,2.74438500404358,2.75889253616333,2.77360224723816
ZWE,Zimbabwe,hc,"Human capital index, based on years of schooling and returns to education; see Human capital in PWT9.",2.02573585510254,2.03998756408691,2.05433940887451,2.06879234313965,2.10517907142639,2.1422061920166,2.17988419532776,2.21822500228882,2.25724029541016,2.27985548973084,2.30269718170166,2.325767993927,2.34906959533691,2.37260484695435,2.41582274436951,2.45982789993286,2.50463485717773,2.55025768280029,2.58465313911438,2.61625742912293,2.64824795722961,2.68062973022461,2.71340751647949,2.74658608436584,2.7706606388092,2.79529237747192,2.82049798965454
